"original_text","perturbed_text","original_score","perturbed_score","original_output","perturbed_output","ground_truth_output","num_queries","result_type"
"bears is even [[worse]] than i imagined a movie ever could be .","bears is even [[pire]] than i imagined a movie ever could be .",0.006875574588775635,0.9960014224052429,0,1,0,11,"Successful"
"although estela bravo's [[documentary]] is cloyingly hagiographic in its [[portrait]] of [[cuban]] [[leader]] fidel [[castro]] , it's [[still]] a [[guilty]] [[pleasure]] to [[watch]] .","although estela bravo's [[papers]] is cloyingly hagiographic in its [[spitting]] of [[cuba]] [[chef]] fidel [[chavez]] , it's [[even]] a [[culpa]] [[gladness]] to [[supervisory]] .",0.001990973949432373,0.028862833976745605,1,1,1,77,"Failed"
"i have a new favorite musical -- and i'm not even a fan of the genre","i have a new favorite musical -- and i'm not even a fan of the genre",0.9987711906433105,0.9987711906433105,0,0,1,1,"Skipped"
"it's lazy for a [[movie]] to [[avoid]] [[solving]] one [[problem]] by [[trying]] to [[distract]] us with the [[solution]] to another .","it's lazy for a [[filmmaking]] to [[avoids]] [[addressing]] one [[disorders]] by [[seeks]] to [[entertain]] us with the [[resolve]] to another .",0.0005148649215698242,0.0010138154029846191,0,0,0,101,"Failed"
"even when he's not at his most [[critically]] insightful , [[godard]] can [[still]] be [[smarter]] than any 50 other [[filmmakers]] [[still]] at [[work]] .","even when he's not at his most [[keenly]] insightful , [[truffaut]] can [[even]] be [[malin]] than any 50 other [[screenwriters]] [[even]] at [[workplace]] .",0.002471745014190674,0.7395607233047485,1,0,1,104,"Successful"
"more successful at relating history than in creating an emotionally complex , dramatically satisfying heroine","more successful at relating history than in creating an emotionally complex , dramatically satisfying heroine",0.9937937259674072,0.9937937259674072,1,1,0,1,"Skipped"
"it's unlikely we'll see a better thriller this year .","it's unlikely we'll see a better thriller this year .",0.998732328414917,0.998732328414917,0,0,1,1,"Skipped"
"the story [[gives]] ample [[opportunity]] for large-scale action and suspense , which director shekhar kapur supplies with [[tremendous]] [[skill]] .","the story [[donne]] ample [[probability]] for large-scale action and suspense , which director shekhar kapur supplies with [[huge]] [[jurisdictional]] .",0.001867830753326416,0.9153973460197449,1,0,1,94,"Successful"
"ultimately this is a [[frustrating]] [[patchwork]] : an uneasy marriage of louis begley's source novel ( about schmidt ) and an old payne screenplay .","ultimately this is a [[disenchanted]] [[tapestry]] : an uneasy marriage of louis begley's source novel ( about schmidt ) and an old payne screenplay .",0.0012558698654174805,0.8677740097045898,0,1,0,32,"Successful"
"the threat implied in the title pokémon 4ever is terrifying  like locusts in a horde these things will keep coming .","the threat implied in the title pokémon 4ever is terrifying  like locusts in a horde these things will keep coming .",0.9787992835044861,0.9787992835044861,1,1,0,1,"Skipped"
"some [[writer]] dude , i [[think]] his name was , [[uh]] , [[michael]] zaidan , was [[supposed]] to have like [[written]] the screenplay or something , but , [[dude]] , the only thing that i ever saw that was [[written]] down were the [[zeroes]] on my paycheck .","some [[screenwriter]] dude , i [[thought]] his name was , [[ah]] , [[michel]] zaidan , was [[suspected]] to have like [[typewritten]] the screenplay or something , but , [[bro]] , the only thing that i ever saw that was [[handwritten]] down were the [[zeros]] on my paycheck .",0.0017235279083251953,0.0022341012954711914,0,0,0,179,"Failed"
"a sha-na-na [[sketch]] punctuated with graphic [[violence]] .","a sha-na-na [[sketchbook]] punctuated with graphic [[brutality]] .",0.0026917457580566406,0.9864768981933594,0,1,0,11,"Successful"
"like the [[series]] , the [[movie]] is [[funny]] , smart , visually [[inventive]] , and most of all , alive .","like the [[serials]] , the [[flick]] is [[odd]] , smart , visually [[resourceful]] , and most of all , alive .",0.0006294846534729004,0.0011740326881408691,1,1,1,50,"Failed"
"perhaps even the slc high command [[found]] writer-director mitch davis's [[wall]] of kitsch [[hard]] [[going]] .","perhaps even the slc high command [[discoveries]] writer-director mitch davis's [[mur]] of kitsch [[uphill]] [[go]] .",0.0004807710647583008,0.7653865814208984,0,1,0,44,"Successful"
"'es en verdad una pena que mandoki esté realizando cintas tan malas desde hace algún tiempo , [[pues]] talento tiene , pero quién sabe dónde lo tiene escondido . '","'es en verdad una pena que mandoki esté realizando cintas tan malas desde hace algún tiempo , [[luego]] talento tiene , pero quién sabe dónde lo tiene escondido . '",0.37850260734558105,0.5113857984542847,0,1,0,75,"Successful"
"the [[spalding]] [[gray]] [[equivalent]] of a [[teen]] gross-out comedy .","the [[campion]] [[grey]] [[comparable]] of a [[youthful]] gross-out comedy .",0.0004073977470397949,0.8411420583724976,0,1,0,53,"Successful"
"all [[mood]] and no [[movie]] .","all [[vibe]] and no [[cinematography]] .",0.0012192130088806152,0.002108633518218994,0,0,0,21,"Failed"
"other than the slightly flawed ( and fairly unbelievable ) finale , everything else is top shelf .","other than the slightly flawed ( and fairly unbelievable ) finale , everything else is top shelf .",0.9993778467178345,0.9993778467178345,0,0,1,1,"Skipped"
"[[despite]] an [[overwrought]] [[ending]] , the [[film]] works as [[well]] as it [[does]] because of the performances .","[[albeit]] an [[overworked]] [[completion]] , the [[movie]] works as [[best]] as it [[could]] because of the performances .",0.0019028782844543457,0.01224583387374878,1,1,1,74,"Failed"
"connoisseurs of chinese [[film]] [[will]] [[be]] [[pleased]] to [[discover]] that tian's [[meticulous]] [[talent]] [[has]] not [[withered]] during his [[enforced]] [[hiatus]] .","connoisseurs of chinese [[filming]] [[gonna]] [[se]] [[ravi]] to [[detect]] that tian's [[observant]] [[gifted]] [[ha]] not [[shrivelled]] during his [[applied]] [[interruptions]] .",0.005985081195831299,0.6089770197868347,1,0,1,114,"Successful"
"exploring value choices is a worthwhile [[topic]] for a film -- but here the [[choices]] are as contrived and [[artificial]] as kerrigan's platinum-blonde hair .","exploring value choices is a worthwhile [[subjected]] for a film -- but here the [[choose]] are as contrived and [[contrived]] as kerrigan's platinum-blonde hair .",0.0005165338516235352,0.5495872497558594,0,1,0,83,"Successful"
"a [[dark]] [[comedy]] that goes for sick and [[demented]] [[humor]] [[simply]] to [[do]] [[so]] . the [[movie]] is without [[intent]] .","a [[somber]] [[giggle]] that goes for sick and [[coot]] [[humorist]] [[alone]] to [[could]] [[even]] . the [[film]] is without [[intending]] .",0.0006580948829650879,0.0035095810890197754,0,0,0,134,"Failed"
"more trifle than [[triumph]] .","more trifle than [[triomphe]] .",0.05234575271606445,0.9750080108642578,0,1,0,17,"Successful"
"entertains not so much because of its music or comic antics , but through the perverse pleasure of watching disney scrape the bottom of its own cracker barrel .","entertains not so much because of its music or comic antics , but through the perverse pleasure of watching disney scrape the bottom of its own cracker barrel .",0.998518705368042,0.998518705368042,1,1,0,1,"Skipped"
"[[directed]] in a flashy , empty sub-music video style by a [[director]] [[so]] self-possessed he actually adds a [[period]] to his first [[name]]","[[destined]] in a flashy , empty sub-music video style by a [[headmistress]] [[then]] self-possessed he actually adds a [[timeframe]] to his first [[designation]]",0.0006192922592163086,0.10417932271957397,0,0,0,83,"Failed"
"the [[movie]] is [[concocted]] and [[carried]] out by folks worthy of [[scorn]] , and the [[nicest]] [[thing]] i can [[say]] is that i can't remember a single [[name]] responsible for it .","the [[film]] is [[conjured]] and [[brought]] out by folks worthy of [[disrespect]] , and the [[loveliest]] [[aspect]] i can [[affirmed]] is that i can't remember a single [[nom]] responsible for it .",0.000810086727142334,0.525601863861084,0,1,0,75,"Successful"
"aptly named , this shimmering , beautifully costumed and filmed production doesn't [[work]] for me .","aptly named , this shimmering , beautifully costumed and filmed production doesn't [[labour]] for me .",0.0010287761688232422,0.9985336065292358,0,1,0,28,"Successful"
"an [[enthralling]] , [[entertaining]] [[feature]] .","an [[entrancing]] , [[funny]] [[attribute]] .",0.0006738901138305664,0.0028623342514038086,1,1,1,36,"Failed"
". . . a sweetly [[affecting]] [[story]] about four [[sisters]] who are [[coping]] , in one [[way]] or another , with life's endgame .",". . . a sweetly [[afflicts]] [[tale]] about four [[fraternal]] who are [[readjust]] , in one [[modes]] or another , with life's endgame .",0.0007828474044799805,0.0025533437728881836,1,1,1,75,"Failed"
"a slow-moving police-procedural thriller that takes its title all too [[literally]] .","a slow-moving police-procedural thriller that takes its title all too [[virtually]] .",0.0007968544960021973,0.0008075833320617676,0,0,0,16,"Failed"
"the engagingly primitive [[animated]] special effects contribute to a [[mood]] that's [[sustained]] through the surprisingly [[somber]] [[conclusion]] .","the engagingly primitive [[animate]] special effects contribute to a [[sentiment]] that's [[incessant]] through the surprisingly [[dour]] [[finalize]] .",0.0011655688285827637,0.7746312022209167,1,0,1,93,"Successful"
"it [[should]] be [[doing]] a [[lot]] of [[things]] , but doesn't .","it [[would]] be [[fact]] a [[batch]] of [[facets]] , but doesn't .",0.0012325048446655273,0.005148351192474365,0,0,0,42,"Failed"
"according to wendigo , 'nature' loves the members of the upper class almost as much as they love themselves .","according to wendigo , 'nature' loves the members of the upper class almost as much as they love themselves .",0.9887146949768066,0.9887146949768066,1,1,0,1,"Skipped"
"i've yet to find an actual vietnam war combat movie actually produced by either the north or south vietnamese , but at least now we've got something pretty damn close .","i've yet to find an actual vietnam war combat movie actually produced by either the north or south vietnamese , but at least now we've got something pretty damn close .",0.9339796900749207,0.9339796900749207,0,0,1,1,"Skipped"
"'[[opening]] up' the play more [[has]] [[partly]] closed it down .","'[[openness]] up' the play more [[owns]] [[partially]] closed it down .",0.0012367963790893555,0.0018843412399291992,0,0,0,69,"Failed"
"the rules of attraction [[gets]] us too [[drunk]] on the party [[favors]] to sober us up with the [[transparent]] [[attempts]] at moralizing .","the rules of attraction [[achieves]] us too [[drinker]] on the party [[prefer]] to sober us up with the [[transparency]] [[strive]] at moralizing .",0.000577092170715332,0.8645603060722351,0,1,0,60,"Successful"
"leigh isn't breaking new ground , but he knows how a daily grind can kill love .","leigh isn't breaking new ground , but he knows how a daily grind can kill love .",0.960151731967926,0.960151731967926,0,0,1,1,"Skipped"
"it was filled with shootings , beatings , and more cussing than you could shake a stick at .","it was filled with shootings , beatings , and more cussing than you could shake a stick at .",0.9967754483222961,0.9967754483222961,0,0,1,1,"Skipped"
"it has the right approach and the right opening premise , but it [[lacks]] the zest and it goes for a plot twist [[instead]] of trusting the material .","it has the right approach and the right opening premise , but it [[dearth]] the zest and it goes for a plot twist [[alternately]] of trusting the material .",0.0007140040397644043,0.968373715877533,0,1,0,33,"Successful"
"ninety minutes of viva [[castro]] ! can be as [[tiresome]] as 9 [[seconds]] of jesse helms' anti- castro [[rhetoric]] , which are [[included]]","ninety minutes of viva [[chavez]] ! can be as [[monotonous]] as 9 [[segundo]] of jesse helms' anti- castro [[discourse]] , which are [[include]]",0.0014889836311340332,0.5564277768135071,0,1,0,48,"Successful"
"an enormously [[entertaining]] [[movie]] , like nothing we've ever seen before , and yet completely familiar .","an enormously [[distracting]] [[films]] , like nothing we've ever seen before , and yet completely familiar .",0.0014795660972595215,0.9771819710731506,1,0,1,30,"Successful"
"after [[several]] scenes of this [[tacky]] [[nonsense]] , you'll [[be]] wistful for the testosterone-charged wizardry of [[jerry]] bruckheimer productions , [[especially]] [[because]] [[half]] [[past]] dead is like the [[rock]] on a wal-mart [[budget]] .","after [[myriad]] scenes of this [[insipid]] [[craziness]] , you'll [[are]] wistful for the testosterone-charged wizardry of [[jie]] bruckheimer productions , [[particularly]] [[as]] [[halved]] [[last]] dead is like the [[rocks]] on a wal-mart [[budgets]] .",0.0015998482704162598,0.5455206632614136,0,1,0,119,"Successful"
"blue crush has all the trappings of an energetic , extreme-sports adventure , but ends up more of a creaky "" pretty woman "" retread , with the emphasis on self-empowering schmaltz and big-wave surfing that gives pic its title an afterthought .","blue crush has all the trappings of an energetic , extreme-sports adventure , but ends up more of a creaky "" pretty woman "" retread , with the emphasis on self-empowering schmaltz and big-wave surfing that gives pic its title an afterthought .",0.6374726295471191,0.6374726295471191,1,1,0,1,"Skipped"
"even though we know the outcome , the seesawing of the general's fate in the arguments of competing lawyers has the stomach-knotting suspense of a legal thriller , while the testimony of witnesses [[lends]] the film a [[resonant]] undertone of tragedy .","even though we know the outcome , the seesawing of the general's fate in the arguments of competing lawyers has the stomach-knotting suspense of a legal thriller , while the testimony of witnesses [[ready]] the film a [[loud]] undertone of tragedy .",0.004518389701843262,0.9521839618682861,1,0,1,27,"Successful"
"the romance between the [[leads]] isn't as [[compelling]] or as [[believable]] as it [[should]] [[be]] .","the romance between the [[brings]] isn't as [[compel]] or as [[reliable]] as it [[need]] [[worden]] .",0.0013762712478637695,0.0020828843116760254,0,0,0,35,"Failed"
"the [[movie]] is a little tired ; [[maybe]] the original [[inspiration]] has [[run]] its [[course]] .","the [[films]] is a little tired ; [[arguably]] the original [[enlightenment]] has [[managed]] its [[trajectory]] .",0.0010544657707214355,0.9795327186584473,0,1,0,44,"Successful"
"the [[story]] itself it mostly told through on-camera [[interviews]] with [[several]] [[survivors]] , whose [[riveting]] [[memories]] are [[rendered]] with such [[clarity]] that it's as if it all [[happened]] only [[yesterday]] .","the [[narration]] itself it mostly told through on-camera [[interview]] with [[various]] [[surviving]] , whose [[gripping]] [[memorabilia]] are [[delivered]] with such [[lucidity]] that it's as if it all [[sweated]] only [[fridays]] .",0.0009569525718688965,0.5593545436859131,1,0,1,111,"Successful"
"a [[passionately]] [[inquisitive]] [[film]] [[determined]] to [[uncover]] the [[truth]] and [[hopefully]] [[inspire]] [[action]] .","a [[strenuously]] [[nosey]] [[kino]] [[ascertained]] to [[detect]] the [[lowdown]] and [[luckily]] [[inspires]] [[measures]] .",0.00042885541915893555,0.07532656192779541,1,1,1,107,"Failed"
"a zombie [[movie]] in every sense of the word--mindless , lifeless , meandering , [[loud]] , [[painful]] , [[obnoxious]] .","a zombie [[kino]] in every sense of the word--mindless , lifeless , meandering , [[noisy]] , [[tough]] , [[despicable]] .",0.0003581047058105469,0.9674843549728394,0,1,0,67,"Successful"
"the [[movie]] doesn't [[generate]] a lot of energy . it is [[dark]] , brooding and [[slow]] , and [[takes]] its [[central]] [[idea]] [[way]] too [[seriously]] .","the [[film]] doesn't [[produce]] a lot of energy . it is [[bleak]] , brooding and [[slower]] , and [[take]] its [[centrally]] [[conception]] [[forma]] too [[deeply]] .",0.0009414553642272949,0.001841127872467041,0,0,0,117,"Failed"
"[[highlighted]] by a gritty style and an excellent cast , it's better than one might [[expect]] when you [[look]] at the list of [[movies]] starring ice-t in a [[major]] [[role]] .","[[insisted]] by a gritty style and an excellent cast , it's better than one might [[waiting]] when you [[gaze]] at the list of [[theaters]] starring ice-t in a [[prodigious]] [[rolle]] .",0.0036260485649108887,0.5739995241165161,1,0,1,113,"Successful"
"the first [[mistake]] , i suspect , is [[casting]] shatner as a legendary [[professor]] and kunis as a [[brilliant]] [[college]] student--where's pauly [[shore]] as the [[rocket]] [[scientist]] ?","the first [[misspelled]] , i suspect , is [[moulding]] shatner as a legendary [[profesor]] and kunis as a [[glorious]] [[collegiate]] student--where's pauly [[onshore]] as the [[grenades]] [[researcher]] ?",0.0015925765037536621,0.6864979863166809,0,1,0,134,"Successful"
"one of [jaglom's] better efforts -- a [[wry]] and sometime bitter movie about love .","one of [jaglom's] better efforts -- a [[quips]] and sometime bitter movie about love .",0.004357814788818359,0.9908068180084229,1,0,1,13,"Successful"
"essentially , the film is [[weak]] on detail and strong on personality","essentially , the film is [[vulnerable]] on detail and strong on personality",0.0011182427406311035,0.9991708397865295,0,1,0,12,"Successful"
"if it's unnerving suspense you're after -- you'll find it with ring , an indisputably [[spooky]] film ; with a screenplay to die for .","if it's unnerving suspense you're after -- you'll find it with ring , an indisputably [[alarming]] film ; with a screenplay to die for .",0.004636049270629883,0.8135140538215637,1,0,1,24,"Successful"
"in terms of execution this movie is careless and unfocused .","in terms of execution this movie is careless and unfocused .",0.9957855343818665,0.9957855343818665,1,1,0,1,"Skipped"
"about the best thing you could say about narc is that it's a rock-solid little [[genre]] picture . whether you like it or not is basically a matter of taste .","about the best thing you could say about narc is that it's a rock-solid little [[type]] picture . whether you like it or not is basically a matter of taste .",0.01594376564025879,0.7018473744392395,1,0,1,15,"Successful"
"affable if not timeless , like mike raises some worthwhile themes while [[delivering]] a wholesome fantasy for kids .","affable if not timeless , like mike raises some worthwhile themes while [[offered]] a wholesome fantasy for kids .",0.0009120702743530273,0.8581928014755249,1,0,1,30,"Successful"
"less cinematically powerful than quietly and deeply moving , which is powerful in itself .","less cinematically powerful than quietly and deeply moving , which is powerful in itself .",0.9921224117279053,0.9921224117279053,0,0,1,1,"Skipped"
"a well-rounded [[tribute]] to a [[man]] whose [[achievements]] -- and [[complexities]] -- [[reached]] [[far]] beyond the [[end]] [[zone]] .","a well-rounded [[thank]] to a [[dude]] whose [[conquests]] -- and [[technicalities]] -- [[totaled]] [[very]] beyond the [[completion]] [[field]] .",0.0004349350929260254,0.5607960820198059,1,0,1,91,"Successful"
"you won't look at religious fanatics -- or backyard sheds -- the same way again .","you won't look at religious fanatics -- or backyard sheds -- the same way again .",0.6174242496490479,0.6174242496490479,0,0,1,1,"Skipped"
"[a] boldly stroked , luridly coloured , uni-dimensional [[nonsense]] machine that strokes the eyeballs while it evaporates like so much crypt mist in the brain .","[a] boldly stroked , luridly coloured , uni-dimensional [[daft]] machine that strokes the eyeballs while it evaporates like so much crypt mist in the brain .",0.02929931879043579,0.7340481877326965,0,1,0,40,"Successful"
"bearable . [[barely]] .","bearable . [[just]] .",0.002986907958984375,0.997447669506073,0,1,0,10,"Successful"
"it's a testament to de niro and director michael caton-jones that by movie's end , we [[accept]] the [[characters]] and the [[film]] , flaws and all .","it's a testament to de niro and director michael caton-jones that by movie's end , we [[tolerate]] the [[feature]] and the [[flick]] , flaws and all .",0.0029828548431396484,0.6238338947296143,1,0,1,67,"Successful"
"a solidly [[entertaining]] little [[film]] .","a solidly [[amuse]] little [[filming]] .",0.0009821653366088867,0.9989761710166931,1,0,1,28,"Successful"
"[[queen]] of the [[damned]] is too long with too [[little]] [[going]] on .","[[reine]] of the [[gorram]] is too long with too [[slight]] [[disappearing]] on .",0.0009802579879760742,0.007838070392608643,0,0,0,72,"Failed"
"in his latest effort , [[storytelling]] , solondz [[has]] [[finally]] [[made]] a [[movie]] that isn't just offensive -- it also happens to be good .","in his latest effort , [[fairytales]] , solondz [[haya]] [[eventually]] [[lodged]] a [[cine]] that isn't just offensive -- it also happens to be good .",0.0017715096473693848,0.9800050258636475,1,0,1,62,"Successful"
"the film's [[trailer]] also [[looked]] like [[crap]] , so [[crap]] is what i was [[expecting]] .","the film's [[towing]] also [[sounded]] like [[crappy]] , so [[shits]] is what i was [[wait]] .",0.0007928013801574707,0.002179741859436035,0,0,0,65,"Failed"
"koepp's screenplay isn't [[nearly]] [[surprising]] or [[clever]] enough to sustain a [[reasonable]] degree of suspense on its own .","koepp's screenplay isn't [[almost]] [[unbelievable]] or [[malin]] enough to sustain a [[defensible]] degree of suspense on its own .",0.0011504888534545898,0.6718388199806213,0,1,0,62,"Successful"
""" . . . something appears to have been lost in the translation this time . the importance of being earnest movie seems to be missing a great deal of the acerbic repartee of the play . """,""" . . . something appears to have been lost in the translation this time . the importance of being earnest movie seems to be missing a great deal of the acerbic repartee of the play . """,0.9974949955940247,0.9974949955940247,0,0,1,1,"Skipped"
"the most [[consistently]] [[funny]] of the austin [[powers]] [[films]] .","the most [[ceaselessly]] [[bizarre]] of the austin [[competency]] [[kino]] .",0.0013331174850463867,0.9992981553077698,1,0,1,57,"Successful"
"if you can keep your eyes open amid all the blood and gore , you'll see del toro has brought [[unexpected]] gravity to blade ii .","if you can keep your eyes open amid all the blood and gore , you'll see del toro has brought [[unpredictable]] gravity to blade ii .",0.003213047981262207,0.8474285006523132,1,0,1,25,"Successful"
"the [[big]] [[finish]] is a bit like getting all excited about a chocolate eclair and then biting into it and finding the [[filling]] [[missing]] .","the [[great]] [[completes]] is a bit like getting all excited about a chocolate eclair and then biting into it and finding the [[populate]] [[unaccounted]] .",0.0006260275840759277,0.7790414094924927,0,1,0,97,"Successful"
"it's a [[very]] [[valuable]] [[film]] . . .","it's a [[substantially]] [[inestimable]] [[kino]] . . .",0.0008624792098999023,0.9975038170814514,1,0,1,69,"Successful"
"[[entertaining]] despite its one-joke premise with the thesis that women from venus and men from mars can indeed get together .","[[amusement]] despite its one-joke premise with the thesis that women from venus and men from mars can indeed get together .",0.003192901611328125,0.9922766089439392,1,0,1,18,"Successful"
""" what really happened ? "" is a question for philosophers , not filmmakers ; all the filmmakers need to do is engage an audience .",""" what really happened ? "" is a question for philosophers , not filmmakers ; all the filmmakers need to do is engage an audience .",0.9946771860122681,0.9946771860122681,0,0,1,1,"Skipped"
"it's a [[big]] [[idea]] , but the [[film]] itself is [[small]] and [[shriveled]] .","it's a [[largest]] [[conception]] , but the [[kino]] itself is [[slight]] and [[withered]] .",0.0007807016372680664,0.006227552890777588,0,0,0,110,"Failed"
"`martin [[lawrence]] live' is [[so]] self-pitying , i almost [[expected]] there to [[be]] a [[collection]] [[taken]] for the comedian at the [[end]] of the [[show]] .","`martin [[laurence]] live' is [[thereby]] self-pitying , i almost [[anticipation]] there to [[are]] a [[gathering]] [[grabbed]] for the comedian at the [[conclude]] of the [[spectacle]] .",0.0008087754249572754,0.2878991961479187,0,0,0,122,"Failed"
"one [[funny]] popcorn flick .","one [[odd]] popcorn flick .",0.0008302927017211914,0.999333381652832,1,0,1,13,"Successful"
"an [[inept]] , [[tedious]] spoof of '70s kung fu [[pictures]] , it contains almost enough [[chuckles]] for a three-minute [[sketch]] , and no more .","an [[unable]] , [[arduous]] spoof of '70s kung fu [[images]] , it contains almost enough [[risa]] for a three-minute [[sketching]] , and no more .",0.0006322264671325684,0.001132965087890625,0,0,0,97,"Failed"
"smith finds [[amusing]] juxtapositions that justify his exercise .","smith finds [[distracting]] juxtapositions that justify his exercise .",0.0017797350883483887,0.9982653856277466,1,0,1,10,"Successful"
"[[gambling]] and throwing a basketball [[game]] for [[money]] isn't a [[new]] plot -- in fact toback himself used it in black and [[white]] . but toback's deranged immediacy makes it seem fresh again .","[[wagered]] and throwing a basketball [[gaming]] for [[monies]] isn't a [[freshly]] plot -- in fact toback himself used it in black and [[branco]] . but toback's deranged immediacy makes it seem fresh again .",0.008023679256439209,0.017352044582366943,1,1,1,82,"Failed"
"unpretentious , [[charming]] , quirky , original","unpretentious , [[mignon]] , quirky , original",0.003400862216949463,0.760522186756134,1,0,1,16,"Successful"
"a visionary marvel , but it's lacking a depth in storytelling usually found in anime like this .","a visionary marvel , but it's lacking a depth in storytelling usually found in anime like this .",0.9991623759269714,0.9991623759269714,0,0,1,1,"Skipped"
"a [[powerful]] , chilling , and [[affecting]] [[study]] of one man's [[dying]] [[fall]] .","a [[robust]] , chilling , and [[plaguing]] [[consideration]] of one man's [[die]] [[declined]] .",0.0005972385406494141,0.9856489300727844,1,0,1,106,"Successful"
"a technically well-made suspenser . . . but its abrupt drop in iq points as it races to the finish line proves [[simply]] too discouraging to let slide .","a technically well-made suspenser . . . but its abrupt drop in iq points as it races to the finish line proves [[just]] too discouraging to let slide .",0.08624351024627686,0.608467698097229,0,1,0,25,"Successful"
"insomnia loses [[points]] when it [[surrenders]] to a formulaic bang-bang , shoot-em-up scene at the [[conclusion]] . but the [[performances]] of pacino , [[williams]] , and [[swank]] [[keep]] the [[viewer]] wide-awake all the [[way]] through .","insomnia loses [[dot]] when it [[renounces]] to a formulaic bang-bang , shoot-em-up scene at the [[finish]] . but the [[representations]] of pacino , [[william]] , and [[neato]] [[keeping]] the [[onlooker]] wide-awake all the [[chemin]] through .",0.004204511642456055,0.7866928577423096,1,0,1,98,"Successful"
"as a [[thoughtful]] and [[unflinching]] [[examination]] of an [[alternative]] lifestyle , sex with [[strangers]] is a [[success]] .","as a [[pensive]] and [[steadfast]] [[considering]] of an [[other]] lifestyle , sex with [[foreigner]] is a [[avail]] .",0.00045931339263916016,0.03523814678192139,1,1,1,74,"Failed"
"cattaneo reworks the formula that made the full monty a smashing success . . . but [[neglects]] to add the magic that made it all work .","cattaneo reworks the formula that made the full monty a smashing success . . . but [[overlooking]] to add the magic that made it all work .",0.0008719563484191895,0.99640291929245,0,1,0,31,"Successful"
"the production values are of the highest and the performances attractive without being memorable .","the production values are of the highest and the performances attractive without being memorable .",0.9941661953926086,0.9941661953926086,0,0,1,1,"Skipped"
"hey , happy ! is [[many]] [[things]] -- stoner midnight flick , sci-fi deconstruction , gay fantasia -- but above all it's a love story as sanguine as its title .","hey , happy ! is [[numerous]] [[issues]] -- stoner midnight flick , sci-fi deconstruction , gay fantasia -- but above all it's a love story as sanguine as its title .",0.053812623023986816,0.6912944316864014,1,0,1,42,"Successful"
"as well-acted and well-intentioned as all or nothing is , however , the film comes perilously close to being too bleak , too pessimistic and too unflinching for its own good .","as well-acted and well-intentioned as all or nothing is , however , the film comes perilously close to being too bleak , too pessimistic and too unflinching for its own good .",0.9963805079460144,0.9963805079460144,0,0,1,1,"Skipped"
"in the director's cut , the film is not only a [[love]] song to the movies but it also is more [[fully]] an example of the kind of [[lush]] , all-enveloping movie [[experience]] it rhapsodizes .","in the director's cut , the film is not only a [[iike]] song to the movies but it also is more [[altogether]] an example of the kind of [[verdant]] , all-enveloping movie [[experiment]] it rhapsodizes .",0.00043088197708129883,0.6151818037033081,1,0,1,47,"Successful"
"far-fetched premise , [[convoluted]] plot , and thematic [[mumbo]] [[jumbo]] about destiny and redemptive [[love]] .","far-fetched premise , [[intricate]] plot , and thematic [[gobbledygook]] [[immense]] about destiny and redemptive [[adores]] .",0.0005080699920654297,0.9995743632316589,0,1,0,54,"Successful"
"this amiable picture talks tough , but it's all bluster -- in the end it's as [[sweet]] as greenfingers . . .","this amiable picture talks tough , but it's all bluster -- in the end it's as [[sugary]] as greenfingers . . .",0.025523006916046143,0.9948977828025818,1,0,1,13,"Successful"
"an animation [[landmark]] as [[monumental]] as disney's 1937 breakthrough snow white and the seven dwarfs .","an animation [[historical]] as [[heavy]] as disney's 1937 breakthrough snow white and the seven dwarfs .",0.0008646845817565918,0.9975544214248657,1,0,1,41,"Successful"
"to [[call]] this [[film]] a lump of [[coal]] would only [[be]] to flatter it .","to [[requiring]] this [[cine]] a lump of [[coals]] would only [[are]] to flatter it .",0.0005722641944885254,0.009963154792785645,0,0,0,63,"Failed"
"[[great]] character interaction .","[[gargantuan]] character interaction .",0.0017101168632507324,0.9988847970962524,1,0,1,51,"Successful"
"more [[likely]] to have you scratching your [[head]] than [[hiding]] under your [[seat]] .","more [[potential]] to have you scratching your [[heads]] than [[disguising]] under your [[seated]] .",0.006969630718231201,0.46822041273117065,0,0,0,53,"Failed"
"that haynes can both [[maintain]] and [[dismantle]] the facades that his [[genre]] and his [[character]] [[construct]] is a wonderous [[accomplishment]] of veracity and [[narrative]] [[grace]] .","that haynes can both [[remain]] and [[destroys]] the facades that his [[types]] and his [[characters]] [[constructs]] is a wonderous [[materialization]] of veracity and [[descriptive]] [[pardon]] .",0.0012205243110656738,0.7506141662597656,1,0,1,116,"Successful"
"those who don't entirely 'get' godard's distinctive discourse will still come away with a sense of his [[reserved]] but existential poignancy .","those who don't entirely 'get' godard's distinctive discourse will still come away with a sense of his [[bookings]] but existential poignancy .",0.010739445686340332,0.7468339204788208,1,0,1,22,"Successful"
". it's a [[testament]] to the film's [[considerable]] charm that it [[succeeds]] in [[entertaining]] , [[despite]] [[playing]] out like a feature-length [[sitcom]] [[replete]] with [[stereotypical]] familial quandaries . there's a [[sheer]] [[unbridled]] [[delight]] in the [[way]] the [[story]] unfurls . . .",". it's a [[testimonials]] to the film's [[sizable]] charm that it [[succeeding]] in [[amuse]] , [[although]] [[gaming]] out like a feature-length [[sitcoms]] [[brimming]] with [[stereotyped]] familial quandaries . there's a [[simple]] [[unfettered]] [[happiness]] in the [[road]] the [[anecdote]] unfurls . . .",0.00527644157409668,0.551527202129364,1,0,1,157,"Successful"
"even after 90 minutes of playing opposite each other bullock and grant still look [[ill]] at ease sharing the same scene . what should have been a painless time-killer becomes instead a grating endurance [[test]] .","even after 90 minutes of playing opposite each other bullock and grant still look [[patient]] at ease sharing the same scene . what should have been a painless time-killer becomes instead a grating endurance [[proof]] .",0.002400696277618408,0.6064601540565491,0,1,0,45,"Successful"
"there's no disguising this as one of the [[worst]] films of the summer . or for the year , for that matter .","there's no disguising this as one of the [[roughest]] films of the summer . or for the year , for that matter .",0.0011747479438781738,0.862975001335144,0,1,0,19,"Successful"
"i could [[have]] used my two [[hours]] [[better]] [[watching]] being [[john]] malkovich again .","i could [[got]] used my two [[period]] [[well]] [[seeing]] being [[johannes]] malkovich again .",0.0072242021560668945,0.9263268113136292,0,1,0,34,"Successful"
"i just saw this movie . . . well , it's probably not accurate to call it a movie .","i just saw this movie . . . well , it's probably not accurate to call it a movie .",0.9992135763168335,0.9992135763168335,0,0,1,1,"Skipped"
"miller has crafted an [[intriguing]] [[story]] of maternal instincts and misguided acts of affection .","miller has crafted an [[mysterious]] [[conte]] of maternal instincts and misguided acts of affection .",0.0005877017974853516,0.588068962097168,1,0,1,36,"Successful"
"the film . . . presents classic moral-condundrum drama : what would you have done to survive ? the [[problem]] with the film is whether these ambitions , laudable in themselves , justify a theatrical simulation of the death camp of auschwitz ii-birkenau .","the film . . . presents classic moral-condundrum drama : what would you have done to survive ? the [[challenge]] with the film is whether these ambitions , laudable in themselves , justify a theatrical simulation of the death camp of auschwitz ii-birkenau .",0.09579873085021973,0.9748337864875793,0,1,0,36,"Successful"
"it's not a [[particularly]] [[good]] [[film]] , but neither is it a monsterous one .","it's not a [[principally]] [[advantageous]] [[kino]] , but neither is it a monsterous one .",0.002211451530456543,0.06386399269104004,0,0,0,50,"Failed"
"definitely a crowd-pleaser , but then , so was the roman colosseum .","definitely a crowd-pleaser , but then , so was the roman colosseum .",0.9873752593994141,0.9873752593994141,1,1,0,1,"Skipped"
"the gags that fly at such a furiously funny pace that the only rip off that we were aware of was the one we felt when the movie ended so damned soon .","the gags that fly at such a furiously funny pace that the only rip off that we were aware of was the one we felt when the movie ended so damned soon .",0.9871019124984741,0.9871019124984741,0,0,1,1,"Skipped"
"a cellophane-pop [[remake]] of the punk classic ladies and gentlemen , the fabulous stains . . . crossroads is never [[much]] worse than [[bland]] or better than inconsequential .","a cellophane-pop [[remade]] of the punk classic ladies and gentlemen , the fabulous stains . . . crossroads is never [[muy]] worse than [[insipid]] or better than inconsequential .",0.0009943842887878418,0.5135589838027954,0,1,0,24,"Successful"
"an almost unbearably morbid love story .","an almost unbearably morbid love story .",0.639076292514801,0.639076292514801,0,0,1,1,"Skipped"
"hart's [[war]] [[seems]] to [[want]] to [[be]] a character [[study]] , but [[apparently]] can't [[quite]] [[decide]] which [[character]] .","hart's [[wartime]] [[appears]] to [[desire]] to [[are]] a character [[consideration]] , but [[reportedly]] can't [[rather]] [[deciding]] which [[trait]] .",0.0014919638633728027,0.03958326578140259,0,0,0,124,"Failed"
". . . is funny in the [[way]] that makes you [[ache]] with [[sadness]] ( the [[way]] chekhov is [[funny]] ) , [[profound]] without ever being self-important , [[warm]] without ever [[succumbing]] to sentimentality .",". . . is funny in the [[manner]] that makes you [[pain]] with [[woe]] ( the [[manner]] chekhov is [[odd]] ) , [[heartfelt]] without ever being self-important , [[lukewarm]] without ever [[succumb]] to sentimentality .",0.0018047690391540527,0.005436360836029053,1,1,1,97,"Failed"
"not just unlikable . disturbing . [[disgusting]] . without any redeeming [[value]] whatsoever .","not just unlikable . disturbing . [[shocking]] . without any redeeming [[valued]] whatsoever .",0.0005447268486022949,0.6772704720497131,0,1,0,34,"Successful"
"an adorably whimsical [[comedy]] that deserves more than a passing twinkle .","an adorably whimsical [[travesty]] that deserves more than a passing twinkle .",0.01425260305404663,0.9991597533226013,1,0,1,30,"Successful"
"tells ( the story ) with such atmospheric ballast that shrugging off the plot's persnickety problems is simply a matter of ( being ) in a shrugging mood .","tells ( the story ) with such atmospheric ballast that shrugging off the plot's persnickety problems is simply a matter of ( being ) in a shrugging mood .",0.9945066571235657,0.9945066571235657,0,0,1,1,"Skipped"
"the stunt work is top-notch ; the dialogue and drama often food-spittingly funny .","the stunt work is top-notch ; the dialogue and drama often food-spittingly funny .",0.9977322816848755,0.9977322816848755,1,1,0,1,"Skipped"
"goofy , nutty , [[consistently]] [[funny]] . and [[educational]] !","goofy , nutty , [[periodically]] [[odd]] . and [[didactic]] !",0.0013695955276489258,0.999240517616272,1,0,1,48,"Successful"
"arliss howard's ambitious , moving , and [[adventurous]] directorial debut , [[big]] bad love , meets so many of the [[challenges]] it poses for itself that one can forgive the film its flaws .","arliss howard's ambitious , moving , and [[plucky]] directorial debut , [[tremendous]] bad love , meets so many of the [[difficulties]] it poses for itself that one can forgive the film its flaws .",0.0006229281425476074,0.8238418698310852,1,0,1,62,"Successful"
"gaping plot holes [[sink]] this 'sub'-standard thriller and drag [[audience]] enthusiasm to [[crush]] depth .","gaping plot holes [[wells]] this 'sub'-standard thriller and drag [[audiences]] enthusiasm to [[smash]] depth .",0.0007233023643493652,0.0014412999153137207,0,0,0,75,"Failed"
"the film has too many spots where it's on slippery footing , but is acceptable entertainment for the entire family and one that's especially fit for the kiddies .","the film has too many spots where it's on slippery footing , but is acceptable entertainment for the entire family and one that's especially fit for the kiddies .",0.9968916773796082,0.9968916773796082,1,1,0,1,"Skipped"
"in imax in [[short]] , it's just as [[wonderful]] on the [[big]] [[screen]] .","in imax in [[abridged]] , it's just as [[unbelievable]] on the [[prodigious]] [[pant]] .",0.000987410545349121,0.9942052960395813,1,0,1,72,"Successful"
"talkiness isn't necessarily [[bad]] , but the [[dialogue]] [[frequently]] [[misses]] the [[mark]] .","talkiness isn't necessarily [[detrimental]] , but the [[conversations]] [[normally]] [[lacked]] the [[marquez]] .",0.0010549426078796387,0.060131728649139404,0,0,0,71,"Failed"
"this is a nervy , [[risky]] [[film]] , and villeneuve has inspired croze to [[give]] herself over completely to the tormented persona of bibi .","this is a nervy , [[perilous]] [[filming]] , and villeneuve has inspired croze to [[render]] herself over completely to the tormented persona of bibi .",0.0010319948196411133,0.9451954364776611,1,0,1,41,"Successful"
"fresnadillo has something serious to say about the ways in which extravagant chance can distort our perspective and throw us off the path of good sense .","fresnadillo has something serious to say about the ways in which extravagant chance can distort our perspective and throw us off the path of good sense .",0.9546935558319092,0.9546935558319092,0,0,1,1,"Skipped"
"throughout all the [[tumult]] , a question comes to [[mind]] : [[so]] why is this [[so]] [[boring]] ?","throughout all the [[restlessness]] , a question comes to [[minds]] : [[thus]] why is this [[then]] [[uninspiring]] ?",0.0007058382034301758,0.6211550831794739,0,1,0,43,"Successful"
"the [[best]] film of the [[year]] 2002 .","the [[preferable]] film of the [[sunni]] 2002 .",0.0034698843955993652,0.7144628763198853,1,0,1,25,"Successful"
"true to its title , it traps audiences in a series of relentlessly [[nasty]] situations that we would pay a considerable ransom not to be looking at .","true to its title , it traps audiences in a series of relentlessly [[despicable]] situations that we would pay a considerable ransom not to be looking at .",0.002918064594268799,0.800075113773346,0,1,0,57,"Successful"
"i had a dream that a smart comedy would come along to rescue me from a summer of teen-driven , toilet-humor codswallop , and its name was earnest .","i had a dream that a smart comedy would come along to rescue me from a summer of teen-driven , toilet-humor codswallop , and its name was earnest .",0.826019287109375,0.826019287109375,0,0,1,1,"Skipped"
"if the film's [[vision]] of [[sport]] as a secular [[religion]] is a [[bit]] cloying , its through-line of [[family]] and community is [[heartening]] in the same [[way]] that [[each]] [[season]] [[marks]] a [[new]] [[start]] .","if the film's [[idea]] of [[sportsmen]] as a secular [[ecclesiastical]] is a [[hunk]] cloying , its through-line of [[relatives]] and community is [[comforting]] in the same [[routing]] that [[any]] [[seasons]] [[markings]] a [[newer]] [[startup]] .",0.0013961195945739746,0.594984769821167,1,0,1,149,"Successful"
"weighty and ponderous but every bit as filling as the treat of the title .","weighty and ponderous but every bit as filling as the treat of the title .",0.9482893347740173,0.9482893347740173,0,0,1,1,"Skipped"
"[[press]] the [[delete]] key .","[[journalism]] the [[exterminated]] key .",0.0068266987800598145,0.8541703820228577,0,1,0,16,"Successful"
"any intellectual arguments being [[made]] about the nature of [[god]] are framed in a drama [[so]] [[clumsy]] , there is a [[real]] danger less sophisticated audiences will mistake it for an endorsement of the [[very]] things that bean [[abhors]] .","any intellectual arguments being [[tabled]] about the nature of [[heavens]] are framed in a drama [[thereby]] [[tricky]] , there is a [[truthful]] danger less sophisticated audiences will mistake it for an endorsement of the [[much]] things that bean [[abhor]] .",0.00047087669372558594,0.5449987649917603,0,1,0,128,"Successful"
"[lin chung's] voice is rather unexceptional , even [[irritating]] ( at least to this western ear ) , making it [[awfully]] hard to buy the [[impetus]] for the complicated love triangle that develops between the three central characters .","[lin chung's] voice is rather unexceptional , even [[tiresome]] ( at least to this western ear ) , making it [[shockingly]] hard to buy the [[dynamism]] for the complicated love triangle that develops between the three central characters .",0.002058088779449463,0.6344836354255676,0,1,0,79,"Successful"
"it's got all the familiar bruckheimer [[elements]] , and schumacher [[does]] probably as good a job as anyone at bringing off the hopkins/rock collision of acting styles and onscreen personas .","it's got all the familiar bruckheimer [[ingredient]] , and schumacher [[could]] probably as good a job as anyone at bringing off the hopkins/rock collision of acting styles and onscreen personas .",0.012591838836669922,0.9931048154830933,1,0,1,34,"Successful"
"proves a lovely trifle that , unfortunately , is a little too in love with its own cuteness .","proves a lovely trifle that , unfortunately , is a little too in love with its own cuteness .",0.6698912382125854,0.6698912382125854,1,1,0,1,"Skipped"
"has enough [[wit]] , energy and geniality to please not only the fanatical adherents on either side , but also [[people]] who know nothing about the subject and [[think]] they're not interested .","has enough [[witt]] , energy and geniality to please not only the fanatical adherents on either side , but also [[volk]] who know nothing about the subject and [[reckon]] they're not interested .",0.028438448905944824,0.8087966442108154,1,0,1,43,"Successful"
"this one aims for the [[toilet]] and scores a direct [[hit]] .","this one aims for the [[shitter]] and scores a direct [[jolts]] .",0.003030121326446533,0.9980943202972412,0,1,0,52,"Successful"
"oh , james ! your 20th outing shows off a lot of stamina and vitality , and get this , madonna's cameo doesn't [[suck]] !","oh , james ! your 20th outing shows off a lot of stamina and vitality , and get this , madonna's cameo doesn't [[suckle]] !",0.0033072233200073242,0.979704737663269,1,0,1,17,"Successful"
"exceptionally [[well]] acted by diane lane and richard gere .","exceptionally [[too]] acted by diane lane and richard gere .",0.0008053183555603027,0.9130391478538513,1,0,1,15,"Successful"
"it works its [[magic]] with such [[exuberance]] and [[passion]] that the film's [[length]] [[becomes]] a [[part]] of its [[fun]] .","it works its [[sorcerer]] with such [[zest]] and [[zeal]] that the film's [[lengths]] [[gotten]] a [[portion]] of its [[droll]] .",0.0004540085792541504,0.020632803440093994,1,1,1,76,"Failed"
"even [[fans]] of ismail merchant's [[work]] , i [[suspect]] , would have a [[hard]] [[time]] [[sitting]] through this one .","even [[supporters]] of ismail merchant's [[cooperation]] , i [[defendants]] , would have a [[intense]] [[times]] [[sits]] through this one .",0.0013262033462524414,0.39805781841278076,0,0,0,94,"Failed"
"the main story . . . is compelling enough , but it's difficult to shrug off the annoyance of that chatty fish .","the main story . . . is compelling enough , but it's difficult to shrug off the annoyance of that chatty fish .",0.9984566569328308,0.9984566569328308,0,0,1,1,"Skipped"
"at its worst , the movie is pretty diverting ; the pity is that it rarely achieves its best .","at its worst , the movie is pretty diverting ; the pity is that it rarely achieves its best .",0.9916623830795288,0.9916623830795288,0,0,1,1,"Skipped"
"the campy results make mel brooks' borscht belt schtick look sophisticated .","the campy results make mel brooks' borscht belt schtick look sophisticated .",0.986320436000824,0.986320436000824,1,1,0,1,"Skipped"
"to call this one an eventual cult classic would be an understatement , and woe is the horror fan who opts to overlook this goofily endearing and well-lensed gorefest .","to call this one an eventual cult classic would be an understatement , and woe is the horror fan who opts to overlook this goofily endearing and well-lensed gorefest .",0.9993058443069458,0.9993058443069458,0,0,1,1,"Skipped"
"[[[hell]] is] looking down at your [[watch]] and realizing serving sara isn't even halfway through .","[[[hellfire]] is] looking down at your [[watching]] and realizing serving sara isn't even halfway through .",0.0010917186737060547,0.8307039141654968,0,1,0,21,"Successful"
"[[earnest]] yet curiously [[tepid]] and [[choppy]] [[recycling]] in which predictability is the only winner .","[[grievous]] yet curiously [[warm]] and [[tumultuous]] [[recycles]] in which predictability is the only winner .",0.00046706199645996094,0.9644047617912292,0,1,0,31,"Successful"
"'dragonfly' dwells on crossing-over [[mumbo]] [[jumbo]] , [[manipulative]] sentimentality , and [[sappy]] [[dialogue]] .","'dragonfly' dwells on crossing-over [[psychobabble]] [[gargantuan]] , [[narcissistic]] sentimentality , and [[mawkish]] [[debate]] .",0.00041180849075317383,0.0030151009559631348,0,0,0,45,"Failed"
"in a 102-minute film , aaliyah gets at most 20 minutes of screen time . . . . most [[viewers]] will [[wish]] there had been more of the "" queen "" and less of the "" damned . ""","in a 102-minute film , aaliyah gets at most 20 minutes of screen time . . . . most [[onlookers]] will [[want]] there had been more of the "" queen "" and less of the "" damned . """,0.0052735209465026855,0.5202676057815552,0,1,0,40,"Successful"
"rashomon-for-dipsticks [[tale]] .","rashomon-for-dipsticks [[storytelling]] .",0.009534597396850586,0.9566481709480286,0,1,0,19,"Successful"
"spirit is a visual treat , and it takes chances that are bold by studio standards , but it [[lacks]] a strong narrative .","spirit is a visual treat , and it takes chances that are bold by studio standards , but it [[dearth]] a strong narrative .",0.0038836002349853516,0.9967640042304993,0,1,0,26,"Successful"
"the sort of picture in which , whenever one of the characters has some serious soul searching to do , they go to a picture-perfect beach during sunset .","the sort of picture in which , whenever one of the characters has some serious soul searching to do , they go to a picture-perfect beach during sunset .",0.9138060212135315,0.9138060212135315,1,1,0,1,"Skipped"
"it sounds like another clever if [[pointless]] excursion into the abyss , and that's more or less how it plays out .","it sounds like another clever if [[nonsensical]] excursion into the abyss , and that's more or less how it plays out .",0.020124077796936035,0.8290886878967285,0,1,0,32,"Successful"
"a [[movie]] of [[riveting]] [[power]] and [[sadness]] .","a [[flick]] of [[mesmerizing]] [[wattage]] and [[regret]] .",0.000615239143371582,0.0031345486640930176,1,1,1,56,"Failed"
"a [[film]] that clearly means to preach exclusively to the converted .","a [[cinema]] that clearly means to preach exclusively to the converted .",0.021213769912719727,0.8907279968261719,0,1,0,22,"Successful"
"for more than two decades [[mr]] . nachtwey [[has]] [[traveled]] to [[places]] in the [[world]] [[devastated]] by war , [[famine]] and [[poverty]] and documented the [[cruelty]] and [[suffering]] he [[has]] [[found]] with an [[devastating]] , [[eloquent]] [[clarity]] .","for more than two decades [[herr]] . nachtwey [[had]] [[went]] to [[placements]] in the [[planet]] [[bulldozed]] by war , [[starve]] and [[destitution]] and documented the [[callousness]] and [[woe]] he [[ha]] [[unearthed]] with an [[dire]] , [[telling]] [[sharpness]] .",0.0006742477416992188,0.004088044166564941,1,1,1,196,"Failed"
"the [[film]] may not [[hit]] as [[hard]] as some of the [[better]] drug-related [[pictures]] , but it [[still]] manages to [[get]] a few punches in .","the [[cine]] may not [[punched]] as [[problematic]] as some of the [[nicer]] drug-related [[photograph]] , but it [[even]] manages to [[receive]] a few punches in .",0.006871461868286133,0.7913673520088196,1,0,1,97,"Successful"
"proves a servicable world [[war]] ii [[drama]] that can't totally hide its contrivances , but it at least calls attention to a [[problem]] hollywood too [[long]] has [[ignored]] .","proves a servicable world [[warfare]] ii [[tragic]] that can't totally hide its contrivances , but it at least calls attention to a [[problema]] hollywood too [[lang]] has [[ignores]] .",0.004201829433441162,0.5465693473815918,1,0,1,59,"Successful"
"lan [[yu]] is a [[genuine]] [[love]] [[story]] , full of [[traditional]] [[layers]] of [[awakening]] and [[ripening]] and [[separation]] and [[recovery]] .","lan [[u]] is a [[actual]] [[loving]] [[conte]] , full of [[normal]] [[levels]] of [[wake]] and [[maturity]] and [[detaching]] and [[salvage]] .",0.000451505184173584,0.014196515083312988,1,1,1,132,"Failed"
"the wild thornberrys movie is pleasant enough and the message of our close ties with animals can certainly not [[be]] emphasized enough .","the wild thornberrys movie is pleasant enough and the message of our close ties with animals can certainly not [[se]] emphasized enough .",0.2904288172721863,0.9938800930976868,1,0,1,16,"Successful"
"when you find yourself rooting for the monsters in a horror [[movie]] , you know the [[picture]] is in [[trouble]] .","when you find yourself rooting for the monsters in a horror [[cinema]] , you know the [[image]] is in [[challenges]] .",0.0010883808135986328,0.7073639631271362,0,1,0,51,"Successful"
"even when crush departs from the 4w formula . . . it feels like a [[glossy]] rehash .","even when crush departs from the 4w formula . . . it feels like a [[brilliant]] rehash .",0.0016424059867858887,0.9955341815948486,0,1,0,17,"Successful"
"spider-man is about growing strange hairs , getting a more mature body , and finding it necessary to hide new secretions from the parental units .","spider-man is about growing strange hairs , getting a more mature body , and finding it necessary to hide new secretions from the parental units .",0.9289875626564026,0.9289875626564026,0,0,1,1,"Skipped"
"you never [[know]] where [[changing]] lanes is going to [[take]] you but it's a [[heck]] of a [[ride]] . samuel l . jackson is one of the [[best]] [[actors]] there is .","you never [[savoir]] where [[modifications]] lanes is going to [[pick]] you but it's a [[fiend]] of a [[wrinkle]] . samuel l . jackson is one of the [[preferable]] [[agents]] there is .",0.0018963813781738281,0.9009780883789062,1,0,1,74,"Successful"
"girlfriends are [[bad]] , wives are worse and babies are the kiss of [[death]] in this bitter italian comedy .","girlfriends are [[unfavourable]] , wives are worse and babies are the kiss of [[mortality]] in this bitter italian comedy .",0.0016819238662719727,0.6659195423126221,0,1,0,57,"Successful"
"another in a [[long]] [[line]] of ultra-violent [[war]] movies , this one is not quite what it could [[have]] been as a [[film]] , but the [[story]] and theme [[make]] up for it .","another in a [[protracted]] [[iine]] of ultra-violent [[wars]] movies , this one is not quite what it could [[got]] been as a [[filming]] , but the [[fables]] and theme [[rendering]] up for it .",0.003782331943511963,0.9906230568885803,1,0,1,72,"Successful"
"as action-adventure , this space-based [[homage]] to robert [[louis]] stevenson's [[treasure]] island [[fires]] on all plasma [[conduits]] .","as action-adventure , this space-based [[eulogy]] to robert [[luis]] stevenson's [[sweetie]] island [[arson]] on all plasma [[duct]] .",0.0005005598068237305,0.5836941003799438,1,0,1,65,"Successful"
"a grittily [[beautiful]] [[film]] that looks , sounds , and feels more like an extended , open-ended poem than a [[traditionally]] structured story .","a grittily [[belle]] [[cinematography]] that looks , sounds , and feels more like an extended , open-ended poem than a [[fluently]] structured story .",0.0006965398788452148,0.878380537033081,1,0,1,72,"Successful"
"too [[long]] , and larded with exposition , this [[somber]] [[cop]] [[drama]] [[ultimately]] feels as flat as the [[scruffy]] sands of its titular [[community]] .","too [[longer]] , and larded with exposition , this [[sad]] [[policia]] [[tragedy]] [[potentially]] feels as flat as the [[disheveled]] sands of its titular [[communities]] .",0.0015695691108703613,0.012225329875946045,0,0,0,76,"Failed"
"spielberg's [[realization]] of a near-future [[america]] is masterful . this makes minority [[report]] necessary [[viewing]] for sci-fi [[fans]] , as the [[film]] [[has]] some of the [[best]] [[special]] [[effects]] ever .","spielberg's [[attaining]] of a near-future [[americana]] is masterful . this makes minority [[reports]] necessary [[opinion]] for sci-fi [[blowers]] , as the [[cinematography]] [[hectares]] some of the [[decent]] [[specialized]] [[incidence]] ever .",0.0006582140922546387,0.009273648262023926,1,1,1,139,"Failed"
"grown-up quibbles are beside the point here . the [[little]] girls [[understand]] , and mccracken [[knows]] that's all that matters .","grown-up quibbles are beside the point here . the [[minuscule]] girls [[knowing]] , and mccracken [[realises]] that's all that matters .",0.02947944402694702,0.5962070226669312,1,0,1,34,"Successful"
"a soul-stirring documentary about the [[israeli]]/[[palestinian]] conflict as [[revealed]] through the [[eyes]] of some [[children]] who [[remain]] [[curious]] about [[each]] other against all odds .","a soul-stirring documentary about the [[israelis]]/[[israelis]] conflict as [[evidenced]] through the [[glance]] of some [[infantile]] who [[sojourn]] [[nosy]] about [[every]] other against all odds .",0.00035190582275390625,0.0007094144821166992,1,1,1,108,"Failed"
"franco is an excellent choice for the walled-off but combustible hustler , but he does not give the transcendent performance sonny needs to overcome gaps in character development and story logic .","franco is an excellent choice for the walled-off but combustible hustler , but he does not give the transcendent performance sonny needs to overcome gaps in character development and story logic .",0.9967793822288513,0.9967793822288513,0,0,1,1,"Skipped"
"the [[story]] is far-flung , [[illogical]] , and [[plain]] [[stupid]] .","the [[conte]] is far-flung , [[unwarranted]] , and [[prairie]] [[nonsensical]] .",0.00041097402572631836,0.0016773343086242676,0,0,0,47,"Failed"
"one [[gets]] the [[impression]] the creators of don't [[ask]] don't [[tell]] [[laughed]] a hell of a lot at their [[own]] jokes . too [[bad]] none of it is [[funny]] .","one [[receives]] the [[perception]] the creators of don't [[please]] don't [[told]] [[laughs]] a hell of a lot at their [[singular]] jokes . too [[adverse]] none of it is [[droll]] .",0.0005558133125305176,0.002285003662109375,0,0,0,107,"Failed"
"[[did]] we [[really]] [[need]] a [[remake]] of "" [[charade]] ? ""","[[do]] we [[exactly]] [[require]] a [[redo]] of "" [[giggle]] ? """,0.002794325351715088,0.013118267059326172,0,0,0,59,"Failed"
"the armenian genocide deserves a more engaged and honest treatment .","the armenian genocide deserves a more engaged and honest treatment .",0.9166381359100342,0.9166381359100342,1,1,0,1,"Skipped"
"the [[cast]] [[has]] a [[high]] [[time]] , but de broca [[has]] [[little]] enthusiasm for such [[antique]] [[pulp]] .","the [[moulding]] [[enjoys]] a [[grande]] [[length]] , but de broca [[had]] [[modest]] enthusiasm for such [[immemorial]] [[paste]] .",0.0006603598594665527,0.6135481595993042,0,1,0,93,"Successful"
"by the time it ends in a rush of sequins , flashbulbs , blaring brass and back-stabbing babes , it has said plenty about how show business has infiltrated every corner of society -- and not always for the better .","by the time it ends in a rush of sequins , flashbulbs , blaring brass and back-stabbing babes , it has said plenty about how show business has infiltrated every corner of society -- and not always for the better .",0.922804594039917,0.922804594039917,0,0,1,1,"Skipped"
"i'm happy to have seen it -- not as an alternate version , but as the ultimate exercise in [[viewing]] deleted scenes .","i'm happy to have seen it -- not as an alternate version , but as the ultimate exercise in [[avis]] deleted scenes .",0.005597412586212158,0.5101398229598999,1,0,1,24,"Successful"
"[[intensely]] romantic , thought-provoking and even an [[engaging]] [[mystery]] .","[[severely]] romantic , thought-provoking and even an [[turnout]] [[enigma]] .",0.0005589127540588379,0.9933968186378479,1,0,1,42,"Successful"
"throws in enough [[clever]] and [[unexpected]] [[twists]] to [[make]] the formula feel fresh .","throws in enough [[termite]] and [[unscheduled]] [[tendrils]] to [[doing]] the formula feel fresh .",0.0009319186210632324,0.9976984858512878,1,0,1,52,"Successful"
"ya-yas everywhere [[will]] forgive the flaws and [[love]] the [[film]] .","ya-yas everywhere [[volition]] forgive the flaws and [[iove]] the [[theater]] .",0.0010266304016113281,0.8956882953643799,1,0,1,37,"Successful"
"assayas' ambitious , sometimes beautiful [[adaptation]] of jacques chardonne's [[novel]] .","assayas' ambitious , sometimes beautiful [[readjusted]] of jacques chardonne's [[nouveau]] .",0.0016558170318603516,0.7553563714027405,1,0,1,40,"Successful"
"doesn't come [[close]] to [[justifying]] the hype that surrounded its [[debut]] at the sundance [[film]] festival two years [[ago]] .","doesn't come [[narrowly]] to [[justifiable]] the hype that surrounded its [[outset]] at the sundance [[filmmaking]] festival two years [[anterior]] .",0.0015960335731506348,0.3340928554534912,0,0,0,77,"Failed"
"a [[word]] of [[advice]] to the makers of the singles [[ward]] : [[celebrity]] cameos do not automatically [[equal]] [[laughs]] . and neither [[do]] cliches , no [[matter]] how 'inside' they are .","a [[verbal]] of [[advise]] to the makers of the singles [[wards]] : [[celebrities]] cameos do not automatically [[wager]] [[giggling]] . and neither [[doing]] cliches , no [[issues]] how 'inside' they are .",0.001873314380645752,0.5428144335746765,0,1,0,131,"Successful"
"the movie's [[downfall]] is to [[substitute]] [[plot]] for [[personality]] . it doesn't [[really]] know or care about the characters , and [[uses]] them as [[markers]] for a series of preordained events .","the movie's [[drop]] is to [[substitutes]] [[plots]] for [[individuality]] . it doesn't [[sincerely]] know or care about the characters , and [[utilize]] them as [[marker]] for a series of preordained events .",0.0005502104759216309,0.001116931438446045,0,0,0,103,"Failed"
"from both a [[great]] and a terrible [[story]] , mr . nelson has made a [[film]] that is an [[undeniably]] worthy and [[devastating]] [[experience]] .","from both a [[impressive]] and a terrible [[narration]] , mr . nelson has made a [[filming]] that is an [[probably]] worthy and [[dire]] [[experiment]] .",0.0007246136665344238,0.5057041645050049,1,0,1,99,"Successful"
"there's something to be said for a studio-produced film that never bothers to hand viewers a suitcase full of easy answers .","there's something to be said for a studio-produced film that never bothers to hand viewers a suitcase full of easy answers .",0.9996370077133179,0.9996370077133179,0,0,1,1,"Skipped"
"this is one of [[mr]] . chabrol's subtlest [[works]] , but also one of his most [[uncanny]] .","this is one of [[signor]] . chabrol's subtlest [[cooperated]] , but also one of his most [[perplexing]] .",0.0009130239486694336,0.04773557186126709,1,1,1,38,"Failed"
". . . blade ii is still top-heavy with blazing [[guns]] , cheatfully filmed martial arts , [[disintegrating]] bloodsucker computer effects and jagged camera moves that serve no other purpose than to call attention to themselves .",". . . blade ii is still top-heavy with blazing [[weaponry]] , cheatfully filmed martial arts , [[implosion]] bloodsucker computer effects and jagged camera moves that serve no other purpose than to call attention to themselves .",0.0007786750793457031,0.5049424171447754,0,1,0,60,"Successful"
"working from a surprisingly sensitive script co-written by gianni romoli . . . ozpetek avoids most of the [[pitfalls]] you'd expect in such a potentially sudsy set-up .","working from a surprisingly sensitive script co-written by gianni romoli . . . ozpetek avoids most of the [[shoals]] you'd expect in such a potentially sudsy set-up .",0.03208273649215698,0.9867889881134033,1,0,1,19,"Successful"
"the venezuelans say [[things]] like "" [[si]] , [[pretty]] much "" and "" por favor , [[go]] [[home]] "" when [[talking]] to americans . that's [[muy]] loco , but no more [[ridiculous]] than most of the [[rest]] of "" dragonfly . ""","the venezuelans say [[matters]] like "" [[tr]] , [[rather]] much "" and "" por favor , [[going]] [[household]] "" when [[conversation]] to americans . that's [[mucho]] loco , but no more [[unbecoming]] than most of the [[repose]] of "" dragonfly . """,0.0027375221252441406,0.888574481010437,0,1,0,124,"Successful"
"the performances are an [[absolute]] [[joy]] .","the performances are an [[outright]] [[hei]] .",0.001313626766204834,0.9983267188072205,1,0,1,22,"Successful"
"the self-serious equilibrium makes its point too [[well]] ; a [[movie]] , like life , isn't [[much]] [[fun]] without the highs and lows .","the self-serious equilibrium makes its point too [[too]] ; a [[cine]] , like life , isn't [[many]] [[droll]] without the highs and lows .",0.0007461905479431152,0.7446187734603882,0,1,0,39,"Successful"
"there is something that is [[so]] [[meditative]] and [[lyrical]] about babak payami's [[boldly]] quirky iranian [[drama]] secret ballot . . . a charming and [[evoking]] [[little]] ditty that manages to [[show]] the [[gentle]] and [[humane]] [[side]] of middle [[eastern]] [[world]] [[politics]]","there is something that is [[too]] [[meditating]] and [[melodramatic]] about babak payami's [[heroically]] quirky iranian [[tragic]] secret ballot . . . a charming and [[invoke]] [[minimal]] ditty that manages to [[denotes]] the [[mild]] and [[humanistic]] [[lado]] of middle [[eastward]] [[worid]] [[politician]]",0.0008424520492553711,0.7052726745605469,1,0,1,166,"Successful"
"can i [[admit]] xxx is as deep as a petri dish and as well-characterized as a telephone book but [[still]] say it was a guilty pleasure ?","can i [[acknowledging]] xxx is as deep as a petri dish and as well-characterized as a telephone book but [[even]] say it was a guilty pleasure ?",0.02574312686920166,0.9831287860870361,1,0,1,43,"Successful"
