"original_text","perturbed_text","original_score","perturbed_score","original_output","perturbed_output","ground_truth_output","num_queries","result_type"
"bears is even [[worse]] than i imagined a movie ever could be .","bears is even [[greatest]] than i imagined a movie ever could be .",0.006875574588775635,0.9993869066238403,0,1,0,33,"Successful"
"although [[estela]] bravo's documentary is cloyingly hagiographic in its portrait of cuban leader fidel castro , it's still a guilty pleasure to [[watch]] .","although [[francisca]] bravo's documentary is cloyingly hagiographic in its portrait of cuban leader fidel castro , it's still a guilty pleasure to [[watching]] .",0.001990973949432373,0.00247269868850708,1,1,1,19,"Failed"
"i have a new favorite musical -- and i'm not even a fan of the genre","i have a new favorite musical -- and i'm not even a fan of the genre",0.9987711906433105,0.9987711906433105,0,0,1,1,"Skipped"
"it's lazy for a movie to avoid solving one problem by trying to distract us with the solution to another .","it's lazy for a movie to avoid solving one problem by trying to distract us with the solution to another .",0.0005148649215698242,0.0005148649215698242,0,0,0,10,"Failed"
"even when he's not at his most critically insightful , godard can still be smarter than any 50 other filmmakers still at work .","even when he's not at his most critically insightful , godard can still be smarter than any 50 other filmmakers still at work .",0.002471745014190674,0.002471745014190674,1,1,1,12,"Failed"
"more successful at relating history than in creating an emotionally complex , dramatically satisfying heroine","more successful at relating history than in creating an emotionally complex , dramatically satisfying heroine",0.9937937259674072,0.9937937259674072,1,1,0,1,"Skipped"
"it's unlikely we'll see a better thriller this year .","it's unlikely we'll see a better thriller this year .",0.998732328414917,0.998732328414917,0,0,1,1,"Skipped"
"the story gives ample opportunity for large-scale action and suspense , which director shekhar kapur supplies with tremendous skill .","the story gives ample opportunity for large-scale action and suspense , which director shekhar kapur supplies with tremendous skill .",0.001867830753326416,0.001867830753326416,1,1,1,14,"Failed"
"ultimately this is a frustrating patchwork : an uneasy marriage of louis begley's source novel ( about schmidt ) and an old payne screenplay .","ultimately this is a frustrating patchwork : an uneasy marriage of louis begley's source novel ( about schmidt ) and an old payne screenplay .",0.0012558698654174805,0.0012558698654174805,0,0,0,14,"Failed"
"the threat implied in the title pokémon 4ever is terrifying  like locusts in a horde these things will keep coming .","the threat implied in the title pokémon 4ever is terrifying  like locusts in a horde these things will keep coming .",0.9787992835044861,0.9787992835044861,1,1,0,1,"Skipped"
"some writer dude , i think his name was , uh , michael zaidan , was supposed to have like written the screenplay or something , but , dude , the only thing that i ever saw that was written down were the zeroes on my paycheck .","some writer dude , i think his name was , uh , michael zaidan , was supposed to have like written the screenplay or something , but , dude , the only thing that i ever saw that was written down were the zeroes on my paycheck .",0.0017235279083251953,0.0017235279083251953,0,0,0,20,"Failed"
"a sha-na-na sketch [[punctuated]] with graphic violence .","a sha-na-na sketch [[evoke]] with graphic violence .",0.0026917457580566406,0.998981237411499,0,1,0,32,"Successful"
"like the series , the movie is funny , smart , visually inventive , and most of all , alive .","like the series , the movie is funny , smart , visually inventive , and most of all , alive .",0.0006294846534729004,0.0006294846534729004,1,1,1,9,"Failed"
"[[perhaps]] even the slc high command found writer-director mitch davis's wall of kitsch hard going .","[[maybe]] even the slc high command found writer-director mitch davis's wall of kitsch hard going .",0.0004807710647583008,0.0004984140396118164,0,0,0,14,"Failed"
"'es en verdad una pena que mandoki esté realizando cintas tan malas desde hace algún tiempo , pues talento tiene , pero quién sabe dónde lo tiene escondido . '","'es en verdad una pena que mandoki esté realizando cintas tan malas desde hace algún tiempo , pues talento tiene , pero quién sabe dónde lo tiene escondido . '",0.37850260734558105,0.37850260734558105,0,0,0,27,"Failed"
"the spalding [[gray]] [[equivalent]] of a teen gross-out [[comedy]] .","the spalding [[grays]] [[equals]] of a teen gross-out [[entertaining]] .",0.0004073977470397949,0.9983342885971069,0,1,0,84,"Successful"
"all [[mood]] and no [[movie]] .","all [[vibe]] and no [[cinematographers]] .",0.0012192130088806152,0.002489805221557617,0,0,0,58,"Failed"
"other than the slightly flawed ( and fairly unbelievable ) finale , everything else is top shelf .","other than the slightly flawed ( and fairly unbelievable ) finale , everything else is top shelf .",0.9993778467178345,0.9993778467178345,0,0,1,1,"Skipped"
"despite an overwrought ending , the film works as well as it does because of the performances .","despite an overwrought ending , the film works as well as it does because of the performances .",0.0019028782844543457,0.0019028782844543457,1,1,1,10,"Failed"
"connoisseurs of chinese film will be pleased to discover that tian's meticulous talent [[has]] not withered during his enforced hiatus .","connoisseurs of chinese film will be pleased to discover that tian's meticulous talent [[have]] not withered during his enforced hiatus .",0.005985081195831299,0.006113111972808838,1,1,1,17,"Failed"
"exploring value choices is a worthwhile topic for a film -- but here the choices are as contrived and artificial as kerrigan's platinum-blonde hair .","exploring value choices is a worthwhile topic for a film -- but here the choices are as contrived and artificial as kerrigan's platinum-blonde hair .",0.0005165338516235352,0.0005165338516235352,0,0,0,13,"Failed"
"a dark comedy that [[goes]] for sick and demented humor simply to [[do]] so . the movie is without intent .","a dark comedy that [[is]] for sick and demented humor simply to [[doing]] so . the movie is without intent .",0.0006580948829650879,0.0007088184356689453,0,0,0,17,"Failed"
"more trifle than [[triumph]] .","more trifle than [[triomphe]] .",0.05234575271606445,0.9750080108642578,0,1,0,53,"Successful"
"entertains not so much because of its music or comic antics , but through the perverse pleasure of watching disney scrape the bottom of its own cracker barrel .","entertains not so much because of its music or comic antics , but through the perverse pleasure of watching disney scrape the bottom of its own cracker barrel .",0.998518705368042,0.998518705368042,1,1,0,1,"Skipped"
"directed in a flashy , empty sub-music video style by a director so self-possessed he actually adds a period to his first name","directed in a flashy , empty sub-music video style by a director so self-possessed he actually adds a period to his first name",0.0006192922592163086,0.0006192922592163086,0,0,0,13,"Failed"
"the movie is concocted and carried out by folks worthy of scorn , and the nicest thing i can say is that i can't remember a single name responsible for it .","the movie is concocted and carried out by folks worthy of scorn , and the nicest thing i can say is that i can't remember a single name responsible for it .",0.000810086727142334,0.000810086727142334,0,0,0,15,"Failed"
"aptly named , this shimmering , beautifully costumed and filmed production doesn't [[work]] for me .","aptly named , this shimmering , beautifully costumed and filmed production doesn't [[labour]] for me .",0.0010287761688232422,0.9985336065292358,0,1,0,59,"Successful"
"an [[enthralling]] , [[entertaining]] [[feature]] .","an [[charming]] , [[funny]] [[mannerisms]] .",0.0006738901138305664,0.005575299263000488,1,1,1,86,"Failed"
". . . a sweetly affecting story about four sisters who are coping , in one way or another , with life's endgame .",". . . a sweetly affecting story about four sisters who are coping , in one way or another , with life's endgame .",0.0007828474044799805,0.0007828474044799805,1,1,1,10,"Failed"
"a slow-moving police-procedural [[thriller]] that takes its [[title]] all too [[literally]] .","a slow-moving police-procedural [[gripping]] that takes its [[name]] all too [[hardly]] .",0.0007968544960021973,0.9882781505584717,0,1,0,52,"Successful"
"the engagingly primitive animated special effects contribute to a mood that's sustained through the surprisingly somber conclusion .","the engagingly primitive animated special effects contribute to a mood that's sustained through the surprisingly somber conclusion .",0.0011655688285827637,0.0011655688285827637,1,1,1,14,"Failed"
"it [[should]] be [[doing]] a [[lot]] of [[things]] , but doesn't .","it [[would]] be [[taking]] a [[fate]] of [[lawsuits]] , but doesn't .",0.0012325048446655273,0.7333500385284424,0,1,0,159,"Successful"
"according to wendigo , 'nature' loves the members of the upper class almost as much as they love themselves .","according to wendigo , 'nature' loves the members of the upper class almost as much as they love themselves .",0.9887146949768066,0.9887146949768066,1,1,0,1,"Skipped"
"i've yet to find an actual vietnam war combat movie actually produced by either the north or south vietnamese , but at least now we've got something pretty damn close .","i've yet to find an actual vietnam war combat movie actually produced by either the north or south vietnamese , but at least now we've got something pretty damn close .",0.9339796900749207,0.9339796900749207,0,0,1,1,"Skipped"
"'[[opening]] up' the [[play]] more [[has]] [[partly]] [[closed]] it down .","'[[opened]] up' the [[toys]] more [[maintains]] [[partially]] [[closest]] it down .",0.0012367963790893555,0.0022178292274475098,0,0,0,144,"Failed"
"the rules of attraction gets [[us]] too drunk on the party favors to sober us up with the transparent attempts at moralizing .","the rules of attraction gets [[we]] too drunk on the party favors to sober us up with the transparent attempts at moralizing .",0.000577092170715332,0.0005772113800048828,0,0,0,14,"Failed"
"leigh isn't breaking new ground , but he knows how a daily grind can kill love .","leigh isn't breaking new ground , but he knows how a daily grind can kill love .",0.960151731967926,0.960151731967926,0,0,1,1,"Skipped"
"it was filled with shootings , beatings , and more cussing than you could shake a stick at .","it was filled with shootings , beatings , and more cussing than you could shake a stick at .",0.9967754483222961,0.9967754483222961,0,0,1,1,"Skipped"
"it [[has]] the right approach and the right opening premise , but it lacks the zest and it goes for a plot twist instead of trusting the material .","it [[is]] the right approach and the right opening premise , but it lacks the zest and it goes for a plot twist instead of trusting the material .",0.0007140040397644043,0.000791013240814209,0,0,0,18,"Failed"
"ninety minutes of viva castro ! can [[be]] as tiresome as 9 seconds of jesse helms' anti- castro rhetoric , which are included","ninety minutes of viva castro ! can [[se]] as tiresome as 9 seconds of jesse helms' anti- castro rhetoric , which are included",0.0014889836311340332,0.01573026180267334,0,0,0,22,"Failed"
"an enormously [[entertaining]] movie , like nothing we've ever seen before , and yet completely familiar .","an enormously [[fooling]] movie , like nothing we've ever seen before , and yet completely familiar .",0.0014795660972595215,0.9987701773643494,1,0,1,53,"Successful"
"after several scenes of this tacky nonsense , you'll be wistful for the testosterone-charged wizardry of jerry bruckheimer productions , especially because half past dead is like the rock on a wal-mart budget .","after several scenes of this tacky nonsense , you'll be wistful for the testosterone-charged wizardry of jerry bruckheimer productions , especially because half past dead is like the rock on a wal-mart budget .",0.0015998482704162598,0.0015998482704162598,0,0,0,21,"Failed"
"blue crush has all the trappings of an energetic , extreme-sports adventure , but ends up more of a creaky "" pretty woman "" retread , with the emphasis on self-empowering schmaltz and big-wave surfing that gives pic its title an afterthought .","blue crush has all the trappings of an energetic , extreme-sports adventure , but ends up more of a creaky "" pretty woman "" retread , with the emphasis on self-empowering schmaltz and big-wave surfing that gives pic its title an afterthought .",0.6374726295471191,0.6374726295471191,1,1,0,1,"Skipped"
"even though we know the outcome , the seesawing of the general's fate in the arguments of competing lawyers [[has]] the stomach-knotting suspense of a legal thriller , while the testimony of witnesses lends the film a resonant undertone of tragedy .","even though we know the outcome , the seesawing of the general's fate in the arguments of competing lawyers [[have]] the stomach-knotting suspense of a legal thriller , while the testimony of witnesses lends the film a resonant undertone of tragedy .",0.004518389701843262,0.0063288211822509766,1,1,1,24,"Failed"
"the romance between the leads isn't as compelling or as believable as it should be .","the romance between the leads isn't as compelling or as believable as it should be .",0.0013762712478637695,0.0013762712478637695,0,0,0,7,"Failed"
"the [[movie]] is a little tired ; [[maybe]] the original [[inspiration]] has [[run]] its [[course]] .","the [[filmmakers]] is a little tired ; [[ultimately]] the original [[instil]] has [[manages]] its [[trajectory]] .",0.0010544657707214355,0.9947224259376526,0,1,0,141,"Successful"
"the story itself it mostly told through on-camera interviews with several survivors , whose riveting memories are rendered with such clarity that it's as if it all happened only yesterday .","the story itself it mostly told through on-camera interviews with several survivors , whose riveting memories are rendered with such clarity that it's as if it all happened only yesterday .",0.0009569525718688965,0.0009569525718688965,1,1,1,14,"Failed"
"a [[passionately]] inquisitive [[film]] [[determined]] to [[uncover]] the [[truth]] and [[hopefully]] [[inspire]] action .","a [[impatiently]] inquisitive [[kino]] [[checked]] to [[betrays]] the [[vera]] and [[fortunately]] [[boosting]] action .",0.00042885541915893555,0.9034349918365479,1,0,1,226,"Successful"
"a [[zombie]] [[movie]] in every sense of the word--mindless , lifeless , meandering , [[loud]] , painful , [[obnoxious]] .","a [[undead]] [[panorama]] in every sense of the word--mindless , lifeless , meandering , [[potent]] , painful , [[despicable]] .",0.0003581047058105469,0.9976590275764465,0,1,0,113,"Successful"
"the movie doesn't generate a lot of energy . it is dark , brooding and slow , and takes its central idea way too seriously .","the movie doesn't generate a lot of energy . it is dark , brooding and slow , and takes its central idea way too seriously .",0.0009414553642272949,0.0009414553642272949,0,0,0,14,"Failed"
"highlighted by a gritty style and an excellent cast , it's better than one might expect when you look at the list of movies starring ice-t in a major role .","highlighted by a gritty style and an excellent cast , it's better than one might expect when you look at the list of movies starring ice-t in a major role .",0.0036260485649108887,0.0036260485649108887,1,1,1,16,"Failed"
"the first mistake , i suspect , is casting shatner as a legendary professor and kunis as a brilliant college student--where's pauly shore as the rocket scientist ?","the first mistake , i suspect , is casting shatner as a legendary professor and kunis as a brilliant college student--where's pauly shore as the rocket scientist ?",0.0015925765037536621,0.0015925765037536621,0,0,0,15,"Failed"
"one of [jaglom's] better efforts -- a [[wry]] and sometime bitter movie about love .","one of [jaglom's] better efforts -- a [[snide]] and sometime bitter movie about love .",0.004357814788818359,0.9990040063858032,1,0,1,39,"Successful"
"essentially , the film is [[weak]] on detail and strong on personality","essentially , the film is [[impotent]] on detail and strong on personality",0.0011182427406311035,0.9994642734527588,0,1,0,30,"Successful"
"if it's unnerving suspense you're after -- you'll find it with ring , an indisputably spooky film ; with a screenplay to die for .","if it's unnerving suspense you're after -- you'll find it with ring , an indisputably spooky film ; with a screenplay to die for .",0.004636049270629883,0.004636049270629883,1,1,1,10,"Failed"
"in terms of execution this movie is careless and unfocused .","in terms of execution this movie is careless and unfocused .",0.9957855343818665,0.9957855343818665,1,1,0,1,"Skipped"
"about the best thing you could say about narc is that it's a rock-solid little genre picture . whether you like it or not is basically a matter of taste .","about the best thing you could say about narc is that it's a rock-solid little genre picture . whether you like it or not is basically a matter of taste .",0.01594376564025879,0.01594376564025879,1,1,1,13,"Failed"
"affable if not timeless , like mike raises some worthwhile themes while delivering a wholesome fantasy for kids .","affable if not timeless , like mike raises some worthwhile themes while delivering a wholesome fantasy for kids .",0.0009120702743530273,0.0009120702743530273,1,1,1,14,"Failed"
"less cinematically powerful than quietly and deeply moving , which is powerful in itself .","less cinematically powerful than quietly and deeply moving , which is powerful in itself .",0.9921224117279053,0.9921224117279053,0,0,1,1,"Skipped"
"a well-rounded tribute to a man whose achievements -- and complexities -- reached far beyond the end zone .","a well-rounded tribute to a man whose achievements -- and complexities -- reached far beyond the end zone .",0.0004349350929260254,0.0004349350929260254,1,1,1,10,"Failed"
"you won't look at religious fanatics -- or backyard sheds -- the same way again .","you won't look at religious fanatics -- or backyard sheds -- the same way again .",0.6174242496490479,0.6174242496490479,0,0,1,1,"Skipped"
"[a] boldly stroked , luridly coloured , uni-dimensional nonsense machine that strokes the eyeballs while it evaporates like so [[much]] crypt mist in the brain .","[a] boldly stroked , luridly coloured , uni-dimensional nonsense machine that strokes the eyeballs while it evaporates like so [[many]] crypt mist in the brain .",0.02929931879043579,0.11880075931549072,0,0,0,18,"Failed"
"bearable . [[barely]] .","bearable . [[closely]] .",0.002986907958984375,0.9992534518241882,0,1,0,27,"Successful"
"it's a testament to de niro and director michael caton-jones that by movie's end , we accept the characters and the film , flaws and all .","it's a testament to de niro and director michael caton-jones that by movie's end , we accept the characters and the film , flaws and all .",0.0029828548431396484,0.0029828548431396484,1,1,1,13,"Failed"
"a solidly [[entertaining]] little [[film]] .","a solidly [[fooling]] little [[filming]] .",0.0009821653366088867,0.9993950724601746,1,0,1,91,"Successful"
"[[queen]] of the [[damned]] is too long with too [[little]] [[going]] on .","[[gwyn]] of the [[blasted]] is too long with too [[smaller]] [[goes]] on .",0.0009802579879760742,0.051609694957733154,0,0,0,154,"Failed"
"in his latest effort , storytelling , solondz has finally [[made]] a movie that isn't just offensive -- it also happens to [[be]] good .","in his latest effort , storytelling , solondz has finally [[been]] a movie that isn't just offensive -- it also happens to [[have]] good .",0.0017715096473693848,0.002008199691772461,1,1,1,16,"Failed"
"the film's [[trailer]] also [[looked]] like [[crap]] , [[so]] [[crap]] is what i was [[expecting]] .","the film's [[caravans]] also [[waited]] like [[frak]] , [[however]] [[claptrap]] is what i was [[pending]] .",0.0007928013801574707,0.03915625810623169,0,0,0,190,"Failed"
"koepp's screenplay isn't nearly surprising or clever enough to sustain a reasonable degree of suspense on its own .","koepp's screenplay isn't nearly surprising or clever enough to sustain a reasonable degree of suspense on its own .",0.0011504888534545898,0.0011504888534545898,0,0,0,11,"Failed"
""" . . . something appears to have been lost in the translation this time . the importance of being earnest movie seems to be missing a great deal of the acerbic repartee of the play . """,""" . . . something appears to have been lost in the translation this time . the importance of being earnest movie seems to be missing a great deal of the acerbic repartee of the play . """,0.9974949955940247,0.9974949955940247,0,0,1,1,"Skipped"
"the most [[consistently]] [[funny]] of the austin [[powers]] [[films]] .","the most [[ceaselessly]] [[jest]] of the austin [[competency]] [[image]] .",0.0013331174850463867,0.9995402693748474,1,0,1,122,"Successful"
"if you can keep your eyes open amid all the blood and gore , you'll see del toro [[has]] brought unexpected gravity to blade ii .","if you can keep your eyes open amid all the blood and gore , you'll see del toro [[got]] brought unexpected gravity to blade ii .",0.003213047981262207,0.005589187145233154,1,1,1,21,"Failed"
"the big finish is a bit like getting all excited about a chocolate eclair and then biting into it and [[finding]] the filling missing .","the big finish is a bit like getting all excited about a chocolate eclair and then biting into it and [[find]] the filling missing .",0.0006260275840759277,0.0006796121597290039,0,0,0,14,"Failed"
"it's a [[very]] valuable film . . .","it's a [[too]] valuable film . . .",0.0008624792098999023,0.9973124861717224,1,0,1,49,"Successful"
"entertaining despite its one-joke premise with the thesis that women from venus and men from mars can indeed get together .","entertaining despite its one-joke premise with the thesis that women from venus and men from mars can indeed get together .",0.003192901611328125,0.003192901611328125,1,1,1,12,"Failed"
""" what really happened ? "" is a question for philosophers , not filmmakers ; all the filmmakers need to do is engage an audience .",""" what really happened ? "" is a question for philosophers , not filmmakers ; all the filmmakers need to do is engage an audience .",0.9946771860122681,0.9946771860122681,0,0,1,1,"Skipped"
"it's a big [[idea]] , but the [[film]] itself is [[small]] and shriveled .","it's a big [[philosophy]] , but the [[drama]] itself is [[lightweight]] and shriveled .",0.0007807016372680664,0.949298083782196,0,1,0,134,"Successful"
"`martin lawrence live' is so self-pitying , i almost expected there to be a collection taken for the comedian at the end of the show .","`martin lawrence live' is so self-pitying , i almost expected there to be a collection taken for the comedian at the end of the show .",0.0008087754249572754,0.0008087754249572754,0,0,0,14,"Failed"
"one [[funny]] popcorn flick .","one [[nosy]] popcorn flick .",0.0008302927017211914,0.9994311928749084,1,0,1,22,"Successful"
"an inept , tedious spoof of '70s kung fu pictures , it contains almost enough chuckles for a three-minute sketch , and no more .","an inept , tedious spoof of '70s kung fu pictures , it contains almost enough chuckles for a three-minute sketch , and no more .",0.0006322264671325684,0.0006322264671325684,0,0,0,12,"Failed"
"smith finds [[amusing]] juxtapositions that justify his exercise .","smith finds [[distracting]] juxtapositions that justify his exercise .",0.0017797350883483887,0.9982653856277466,1,0,1,19,"Successful"
"gambling and throwing a basketball game for money isn't a new plot -- in fact toback himself used it in black and white . but toback's deranged immediacy makes it seem fresh again .","gambling and throwing a basketball game for money isn't a new plot -- in fact toback himself used it in black and white . but toback's deranged immediacy makes it seem fresh again .",0.008023679256439209,0.008023679256439209,1,1,1,18,"Failed"
"unpretentious , [[charming]] , quirky , original","unpretentious , [[leggy]] , quirky , original",0.003400862216949463,0.9810303449630737,1,0,1,30,"Successful"
"a visionary marvel , but it's lacking a depth in storytelling usually found in anime like this .","a visionary marvel , but it's lacking a depth in storytelling usually found in anime like this .",0.9991623759269714,0.9991623759269714,0,0,1,1,"Skipped"
"a [[powerful]] , chilling , and affecting [[study]] of one man's [[dying]] [[fall]] .","a [[reliable]] , chilling , and affecting [[consideration]] of one man's [[kiiled]] [[decreased]] .",0.0005972385406494141,0.7613441944122314,1,0,1,185,"Successful"
"a technically well-made suspenser . . . but its abrupt drop in iq points as it races to the finish line proves simply too discouraging to let slide .","a technically well-made suspenser . . . but its abrupt drop in iq points as it races to the finish line proves simply too discouraging to let slide .",0.08624351024627686,0.08624351024627686,0,0,0,16,"Failed"
"insomnia loses points when it surrenders to a formulaic bang-bang , shoot-em-up scene at the conclusion . but the performances of pacino , williams , and swank keep the viewer wide-awake all the way through .","insomnia loses points when it surrenders to a formulaic bang-bang , shoot-em-up scene at the conclusion . but the performances of pacino , williams , and swank keep the viewer wide-awake all the way through .",0.004204511642456055,0.004204511642456055,1,1,1,18,"Failed"
"as a thoughtful and unflinching examination of an alternative lifestyle , sex with strangers is a success .","as a thoughtful and unflinching examination of an alternative lifestyle , sex with strangers is a success .",0.00045931339263916016,0.00045931339263916016,1,1,1,9,"Failed"
"cattaneo reworks the formula that [[made]] the full monty a smashing success . . . but neglects to add the magic that made it all work .","cattaneo reworks the formula that [[gave]] the full monty a smashing success . . . but neglects to add the magic that made it all work .",0.0008719563484191895,0.0009639263153076172,0,0,0,16,"Failed"
"the production values are of the highest and the performances attractive without being memorable .","the production values are of the highest and the performances attractive without being memorable .",0.9941661953926086,0.9941661953926086,0,0,1,1,"Skipped"
"[[hey]] , happy ! is [[many]] things -- stoner midnight flick , sci-fi deconstruction , gay fantasia -- but above all it's a love story as sanguine as its title .","[[hi]] , happy ! is [[numerous]] things -- stoner midnight flick , sci-fi deconstruction , gay fantasia -- but above all it's a love story as sanguine as its title .",0.053812623023986816,0.1779007911682129,1,1,1,25,"Failed"
"as well-acted and well-intentioned as all or nothing is , however , the film comes perilously close to being too bleak , too pessimistic and too unflinching for its own good .","as well-acted and well-intentioned as all or nothing is , however , the film comes perilously close to being too bleak , too pessimistic and too unflinching for its own good .",0.9963805079460144,0.9963805079460144,0,0,1,1,"Skipped"
"in the director's cut , the film is not only a love song to the movies but it also is more fully an example of the [[kind]] of lush , all-enveloping movie experience it rhapsodizes .","in the director's cut , the film is not only a love song to the movies but it also is more fully an example of the [[sort]] of lush , all-enveloping movie experience it rhapsodizes .",0.00043088197708129883,0.0006620287895202637,1,1,1,16,"Failed"
"far-fetched premise , convoluted plot , and thematic [[mumbo]] [[jumbo]] about destiny and redemptive [[love]] .","far-fetched premise , convoluted plot , and thematic [[gobbledygook]] [[daunting]] about destiny and redemptive [[enjoy]] .",0.0005080699920654297,0.998986005783081,0,1,0,112,"Successful"
"this amiable picture talks tough , but it's all bluster -- in the end it's as sweet as greenfingers . . .","this amiable picture talks tough , but it's all bluster -- in the end it's as sweet as greenfingers . . .",0.025523006916046143,0.025523006916046143,1,1,1,9,"Failed"
"an animation landmark as monumental as disney's 1937 breakthrough snow white and the seven dwarfs .","an animation landmark as monumental as disney's 1937 breakthrough snow white and the seven dwarfs .",0.0008646845817565918,0.0008646845817565918,1,1,1,11,"Failed"
"to [[call]] this [[film]] a [[lump]] of [[coal]] would only [[be]] to [[flatter]] it .","to [[require]] this [[stills]] a [[larva]] of [[carbons]] would only [[have]] to [[soften]] it .",0.0005722641944885254,0.1426846981048584,0,0,0,170,"Failed"
"[[great]] character interaction .","[[gargantuan]] character interaction .",0.0017101168632507324,0.9988847970962524,1,0,1,51,"Successful"
"more [[likely]] to have you scratching your head than [[hiding]] under your seat .","more [[capable]] to have you scratching your head than [[disguising]] under your seat .",0.006969630718231201,0.9960579872131348,0,1,0,55,"Successful"
"that haynes can both maintain and dismantle the facades that his genre and his character construct is a wonderous accomplishment of veracity and narrative grace .","that haynes can both maintain and dismantle the facades that his genre and his character construct is a wonderous accomplishment of veracity and narrative grace .",0.0012205243110656738,0.0012205243110656738,1,1,1,13,"Failed"
"those who don't entirely 'get' godard's distinctive discourse will still come away with a sense of his reserved but existential poignancy .","those who don't entirely 'get' godard's distinctive discourse will still come away with a sense of his reserved but existential poignancy .",0.010739445686340332,0.010739445686340332,1,1,1,14,"Failed"
". it's a testament to the film's considerable charm that it succeeds in entertaining , despite playing out like a feature-length sitcom replete with stereotypical familial quandaries . there's a sheer unbridled delight in the way the story unfurls . . .",". it's a testament to the film's considerable charm that it succeeds in entertaining , despite playing out like a feature-length sitcom replete with stereotypical familial quandaries . there's a sheer unbridled delight in the way the story unfurls . . .",0.00527644157409668,0.00527644157409668,1,1,1,23,"Failed"
"even after 90 minutes of playing opposite each other bullock and grant still look ill at ease sharing the same scene . what should have been a painless time-killer becomes instead a grating endurance test .","even after 90 minutes of playing opposite each other bullock and grant still look ill at ease sharing the same scene . what should have been a painless time-killer becomes instead a grating endurance test .",0.002400696277618408,0.002400696277618408,0,0,0,23,"Failed"
"there's no disguising this as one of the worst films of the summer . or for the year , for that matter .","there's no disguising this as one of the worst films of the summer . or for the year , for that matter .",0.0011747479438781738,0.0011747479438781738,0,0,0,8,"Failed"
"i could have used my two hours better [[watching]] being john [[malkovich]] again .","i could have used my two hours better [[admiring]] being john [[walken]] again .",0.0072242021560668945,0.8134745955467224,0,1,0,71,"Successful"
"i just saw this movie . . . well , it's probably not accurate to call it a movie .","i just saw this movie . . . well , it's probably not accurate to call it a movie .",0.9992135763168335,0.9992135763168335,0,0,1,1,"Skipped"
"miller has crafted an [[intriguing]] [[story]] of maternal instincts and misguided acts of affection .","miller has crafted an [[excite]] [[mythic]] of maternal instincts and misguided acts of affection .",0.0005877017974853516,0.9796086549758911,1,0,1,76,"Successful"
"the film . . . presents classic moral-condundrum drama : what would you [[have]] done to survive ? the problem with the film is whether these ambitions , laudable in themselves , justify a theatrical simulation of the death camp of auschwitz ii-birkenau .","the film . . . presents classic moral-condundrum drama : what would you [[had]] done to survive ? the problem with the film is whether these ambitions , laudable in themselves , justify a theatrical simulation of the death camp of auschwitz ii-birkenau .",0.09579873085021973,0.09594225883483887,0,0,0,21,"Failed"
"it's not a [[particularly]] [[good]] [[film]] , but neither is it a monsterous one .","it's not a [[uncommonly]] [[best]] [[cinematographic]] , but neither is it a monsterous one .",0.002211451530456543,0.8868091702461243,0,1,0,134,"Successful"
"definitely a crowd-pleaser , but then , so was the roman colosseum .","definitely a crowd-pleaser , but then , so was the roman colosseum .",0.9873752593994141,0.9873752593994141,1,1,0,1,"Skipped"
"the gags that fly at such a furiously funny pace that the only rip off that we were aware of was the one we felt when the movie ended so damned soon .","the gags that fly at such a furiously funny pace that the only rip off that we were aware of was the one we felt when the movie ended so damned soon .",0.9871019124984741,0.9871019124984741,0,0,1,1,"Skipped"
"a cellophane-pop remake of the punk classic ladies and gentlemen , the fabulous stains . . . crossroads is never much worse than bland or better than inconsequential .","a cellophane-pop remake of the punk classic ladies and gentlemen , the fabulous stains . . . crossroads is never much worse than bland or better than inconsequential .",0.0009943842887878418,0.0009943842887878418,0,0,0,15,"Failed"
"an almost unbearably morbid love story .","an almost unbearably morbid love story .",0.639076292514801,0.639076292514801,0,0,1,1,"Skipped"
"hart's war seems to want to be a character study , but apparently can't quite decide which character .","hart's war seems to want to be a character study , but apparently can't quite decide which character .",0.0014919638633728027,0.0014919638633728027,0,0,0,14,"Failed"
". . . is funny in the way that [[makes]] you ache with sadness ( the way chekhov is funny ) , profound without ever being self-important , warm without ever succumbing to sentimentality .",". . . is funny in the way that [[gives]] you ache with sadness ( the way chekhov is funny ) , profound without ever being self-important , warm without ever succumbing to sentimentality .",0.0018047690391540527,0.0018292665481567383,1,1,1,16,"Failed"
"not just [[unlikable]] . disturbing . [[disgusting]] . without any redeeming value whatsoever .","not just [[irascible]] . disturbing . [[shocking]] . without any redeeming value whatsoever .",0.0005447268486022949,0.8486290574073792,0,1,0,50,"Successful"
"an adorably whimsical [[comedy]] that deserves more than a passing twinkle .","an adorably whimsical [[travesty]] that deserves more than a passing twinkle .",0.01425260305404663,0.9991597533226013,1,0,1,54,"Successful"
"tells ( the story ) with such atmospheric ballast that shrugging off the plot's persnickety problems is simply a matter of ( being ) in a shrugging mood .","tells ( the story ) with such atmospheric ballast that shrugging off the plot's persnickety problems is simply a matter of ( being ) in a shrugging mood .",0.9945066571235657,0.9945066571235657,0,0,1,1,"Skipped"
"the stunt work is top-notch ; the dialogue and drama often food-spittingly funny .","the stunt work is top-notch ; the dialogue and drama often food-spittingly funny .",0.9977322816848755,0.9977322816848755,1,1,0,1,"Skipped"
"goofy , [[nutty]] , [[consistently]] [[funny]] . and [[educational]] !","goofy , [[wacko]] , [[periodically]] [[freaky]] . and [[didactic]] !",0.0013695955276489258,0.9995545148849487,1,0,1,95,"Successful"
"arliss howard's ambitious , moving , and adventurous directorial debut , big bad love , meets so many of the challenges it poses for itself that one can forgive the film its flaws .","arliss howard's ambitious , moving , and adventurous directorial debut , big bad love , meets so many of the challenges it poses for itself that one can forgive the film its flaws .",0.0006229281425476074,0.0006229281425476074,1,1,1,19,"Failed"
"[[gaping]] plot [[holes]] [[sink]] this 'sub'-standard thriller and [[drag]] audience enthusiasm to [[crush]] depth .","[[immense]] plot [[openings]] [[wells]] this 'sub'-standard thriller and [[tug]] audience enthusiasm to [[dismantle]] depth .",0.0007233023643493652,0.9991531372070312,0,1,0,110,"Successful"
"the film has too many spots where it's on slippery footing , but is acceptable entertainment for the entire family and one that's especially fit for the kiddies .","the film has too many spots where it's on slippery footing , but is acceptable entertainment for the entire family and one that's especially fit for the kiddies .",0.9968916773796082,0.9968916773796082,1,1,0,1,"Skipped"
"in imax in [[short]] , it's just as [[wonderful]] on the [[big]] [[screen]] .","in imax in [[pithy]] , it's just as [[unbelievable]] on the [[heavy]] [[screening]] .",0.000987410545349121,0.9921445250511169,1,0,1,99,"Successful"
"talkiness isn't necessarily bad , but the dialogue frequently [[misses]] the [[mark]] .","talkiness isn't necessarily bad , but the dialogue frequently [[dearth]] the [[marquez]] .",0.0010549426078796387,0.9977023005485535,0,1,0,82,"Successful"
"this is a nervy , risky film , and villeneuve has inspired croze to give herself over completely to the tormented persona of bibi .","this is a nervy , risky film , and villeneuve has inspired croze to give herself over completely to the tormented persona of bibi .",0.0010319948196411133,0.0010319948196411133,1,1,1,14,"Failed"
"fresnadillo has something serious to say about the ways in which extravagant chance can distort our perspective and throw us off the path of good sense .","fresnadillo has something serious to say about the ways in which extravagant chance can distort our perspective and throw us off the path of good sense .",0.9546935558319092,0.9546935558319092,0,0,1,1,"Skipped"
"throughout all the tumult , a question comes to mind : so why is this so boring ?","throughout all the tumult , a question comes to mind : so why is this so boring ?",0.0007058382034301758,0.0007058382034301758,0,0,0,8,"Failed"
"the [[best]] film of the year 2002 .","the [[strictest]] film of the year 2002 .",0.0034698843955993652,0.977730393409729,1,0,1,45,"Successful"
"true to its title , it traps audiences in a series of relentlessly nasty situations that we would pay a considerable ransom not to be looking at .","true to its title , it traps audiences in a series of relentlessly nasty situations that we would pay a considerable ransom not to be looking at .",0.002918064594268799,0.002918064594268799,0,0,0,14,"Failed"
"i had a dream that a smart comedy would come along to rescue me from a summer of teen-driven , toilet-humor codswallop , and its name was earnest .","i had a dream that a smart comedy would come along to rescue me from a summer of teen-driven , toilet-humor codswallop , and its name was earnest .",0.826019287109375,0.826019287109375,0,0,1,1,"Skipped"
"if the film's vision of sport as a secular religion is a bit cloying , its through-line of family and community is heartening in the same way that each season marks a new start .","if the film's vision of sport as a secular religion is a bit cloying , its through-line of family and community is heartening in the same way that each season marks a new start .",0.0013961195945739746,0.0013961195945739746,1,1,1,18,"Failed"
"weighty and ponderous but every bit as filling as the treat of the title .","weighty and ponderous but every bit as filling as the treat of the title .",0.9482893347740173,0.9482893347740173,0,0,1,1,"Skipped"
"[[press]] the [[delete]] key .","[[journalism]] the [[exterminated]] key .",0.0068266987800598145,0.8541703820228577,0,1,0,31,"Successful"
"any intellectual arguments being made about the nature of god are framed in a drama so clumsy , there is a real danger less sophisticated audiences will mistake it for an endorsement of the very things that bean abhors .","any intellectual arguments being made about the nature of god are framed in a drama so clumsy , there is a real danger less sophisticated audiences will mistake it for an endorsement of the very things that bean abhors .",0.00047087669372558594,0.00047087669372558594,0,0,0,22,"Failed"
"[lin chung's] voice is rather unexceptional , even irritating ( at least to this western ear ) , making it awfully hard to [[buy]] the impetus for the complicated love triangle that develops between the three central characters .","[lin chung's] voice is rather unexceptional , even irritating ( at least to this western ear ) , making it awfully hard to [[buying]] the impetus for the complicated love triangle that develops between the three central characters .",0.002058088779449463,0.002221524715423584,0,0,0,24,"Failed"
"it's got all the familiar bruckheimer elements , and schumacher does probably as good a job as anyone at bringing off the hopkins/[[rock]] collision of acting styles and onscreen personas .","it's got all the familiar bruckheimer elements , and schumacher does probably as good a job as anyone at bringing off the hopkins/[[rattlesnake]] collision of acting styles and onscreen personas .",0.012591838836669922,0.013726413249969482,1,1,1,19,"Failed"
"proves a lovely trifle that , unfortunately , is a little too in love with its own cuteness .","proves a lovely trifle that , unfortunately , is a little too in love with its own cuteness .",0.6698912382125854,0.6698912382125854,1,1,0,1,"Skipped"
"has enough wit , energy and geniality to please not only the fanatical adherents on either side , but also people who know nothing about the subject and think they're not interested .","has enough wit , energy and geniality to please not only the fanatical adherents on either side , but also people who know nothing about the subject and think they're not interested .",0.028438448905944824,0.028438448905944824,1,1,1,14,"Failed"
"this one aims for the [[toilet]] and scores a direct hit .","this one aims for the [[bidets]] and scores a direct hit .",0.003030121326446533,0.8233728408813477,0,1,0,51,"Successful"
"oh , james ! your 20th outing shows off a lot of stamina and vitality , and get this , madonna's cameo doesn't suck !","oh , james ! your 20th outing shows off a lot of stamina and vitality , and get this , madonna's cameo doesn't suck !",0.0033072233200073242,0.0033072233200073242,1,1,1,20,"Failed"
"exceptionally [[well]] acted by diane lane and richard gere .","exceptionally [[opportune]] acted by diane lane and richard gere .",0.0008053183555603027,0.9758444428443909,1,0,1,42,"Successful"
"it works its magic with such exuberance and passion that the film's length becomes a part of its fun .","it works its magic with such exuberance and passion that the film's length becomes a part of its fun .",0.0004540085792541504,0.0004540085792541504,1,1,1,10,"Failed"
"even fans of ismail merchant's work , i suspect , would have a hard time sitting through this one .","even fans of ismail merchant's work , i suspect , would have a hard time sitting through this one .",0.0013262033462524414,0.0013262033462524414,0,0,0,10,"Failed"
"the main story . . . is compelling enough , but it's difficult to shrug off the annoyance of that chatty fish .","the main story . . . is compelling enough , but it's difficult to shrug off the annoyance of that chatty fish .",0.9984566569328308,0.9984566569328308,0,0,1,1,"Skipped"
"at its worst , the movie is pretty diverting ; the pity is that it rarely achieves its best .","at its worst , the movie is pretty diverting ; the pity is that it rarely achieves its best .",0.9916623830795288,0.9916623830795288,0,0,1,1,"Skipped"
"the campy results make mel brooks' borscht belt schtick look sophisticated .","the campy results make mel brooks' borscht belt schtick look sophisticated .",0.986320436000824,0.986320436000824,1,1,0,1,"Skipped"
"to call this one an eventual cult classic would be an understatement , and woe is the horror fan who opts to overlook this goofily endearing and well-lensed gorefest .","to call this one an eventual cult classic would be an understatement , and woe is the horror fan who opts to overlook this goofily endearing and well-lensed gorefest .",0.9993058443069458,0.9993058443069458,0,0,1,1,"Skipped"
"[hell is] looking down at your watch and realizing serving sara isn't even halfway through .","[hell is] looking down at your watch and realizing serving sara isn't even halfway through .",0.0010917186737060547,0.0010917186737060547,0,0,0,8,"Failed"
"[[earnest]] yet curiously tepid and [[choppy]] [[recycling]] in which predictability is the only winner .","[[strong]] yet curiously tepid and [[tensed]] [[recovered]] in which predictability is the only winner .",0.00046706199645996094,0.6916853189468384,0,1,0,98,"Successful"
"'dragonfly' dwells on crossing-over mumbo [[jumbo]] , [[manipulative]] sentimentality , and [[sappy]] dialogue .","'dragonfly' dwells on crossing-over mumbo [[redoubtable]] , [[narcissist]] sentimentality , and [[viscous]] dialogue .",0.00041180849075317383,0.9603686332702637,0,1,0,93,"Successful"
"in a 102-minute film , aaliyah gets at most 20 [[minutes]] of screen time . . . . most viewers will wish there had been more of the "" queen "" and less of the "" damned . ""","in a 102-minute film , aaliyah gets at most 20 [[min]] of screen time . . . . most viewers will wish there had been more of the "" queen "" and less of the "" damned . """,0.0052735209465026855,0.008797764778137207,0,0,0,19,"Failed"
"rashomon-for-dipsticks [[tale]] .","rashomon-for-dipsticks [[legend]] .",0.009534597396850586,0.9927582144737244,0,1,0,36,"Successful"
"spirit is a visual treat , and it takes chances that are bold by studio standards , but it lacks a strong narrative .","spirit is a visual treat , and it takes chances that are bold by studio standards , but it lacks a strong narrative .",0.0038836002349853516,0.0038836002349853516,0,0,0,12,"Failed"
"the sort of picture in which , whenever one of the characters has some serious soul searching to do , they go to a picture-perfect beach during sunset .","the sort of picture in which , whenever one of the characters has some serious soul searching to do , they go to a picture-perfect beach during sunset .",0.9138060212135315,0.9138060212135315,1,1,0,1,"Skipped"
"it sounds like another clever if pointless excursion into the abyss , and that's more or less how it plays out .","it sounds like another clever if pointless excursion into the abyss , and that's more or less how it plays out .",0.020124077796936035,0.020124077796936035,0,0,0,10,"Failed"
"a [[movie]] of [[riveting]] power and [[sadness]] .","a [[flick]] of [[puzzling]] power and [[dismay]] .",0.000615239143371582,0.7187504768371582,1,0,1,136,"Successful"
"a [[film]] that clearly means to preach exclusively to the converted .","a [[images]] that clearly means to preach exclusively to the converted .",0.021213769912719727,0.9910736680030823,0,1,0,51,"Successful"
"for more than two decades mr . nachtwey has traveled to places in the world devastated by war , famine and poverty and documented the cruelty and suffering he has found with an devastating , eloquent clarity .","for more than two decades mr . nachtwey has traveled to places in the world devastated by war , famine and poverty and documented the cruelty and suffering he has found with an devastating , eloquent clarity .",0.0006742477416992188,0.0006742477416992188,1,1,1,21,"Failed"
"the film may not hit as hard as some of the better drug-related pictures , but it still manages to [[get]] a few punches in .","the film may not hit as hard as some of the better drug-related pictures , but it still manages to [[getting]] a few punches in .",0.006871461868286133,0.0069245100021362305,1,1,1,15,"Failed"
"proves a servicable world war ii drama that can't totally hide its contrivances , but it at least calls attention to a problem hollywood too long has ignored .","proves a servicable world war ii drama that can't totally hide its contrivances , but it at least calls attention to a problem hollywood too long has ignored .",0.004201829433441162,0.004201829433441162,1,1,1,18,"Failed"
"lan yu is a genuine love story , full of traditional layers of awakening and ripening and separation and recovery .","lan yu is a genuine love story , full of traditional layers of awakening and ripening and separation and recovery .",0.000451505184173584,0.000451505184173584,1,1,1,13,"Failed"
"the wild thornberrys movie is pleasant enough and the message of our close ties with animals can certainly not be emphasized enough .","the wild thornberrys movie is pleasant enough and the message of our close ties with animals can certainly not be emphasized enough .",0.2904288172721863,0.2904288172721863,1,1,1,12,"Failed"
"when you find yourself rooting for the monsters in a horror movie , you know the picture is in trouble .","when you find yourself rooting for the monsters in a horror movie , you know the picture is in trouble .",0.0010883808135986328,0.0010883808135986328,0,0,0,9,"Failed"
"even when crush departs from the 4w formula . . . it feels like a [[glossy]] rehash .","even when crush departs from the 4w formula . . . it feels like a [[brilliant]] rehash .",0.0016424059867858887,0.9955341815948486,0,1,0,32,"Successful"
"spider-man is about growing strange hairs , getting a more mature body , and finding it necessary to hide new secretions from the parental units .","spider-man is about growing strange hairs , getting a more mature body , and finding it necessary to hide new secretions from the parental units .",0.9289875626564026,0.9289875626564026,0,0,1,1,"Skipped"
"you never know where changing lanes is going to take you but it's a heck of a ride . samuel l . jackson is one of the best actors there is .","you never know where changing lanes is going to take you but it's a heck of a ride . samuel l . jackson is one of the best actors there is .",0.0018963813781738281,0.0018963813781738281,1,1,1,13,"Failed"
"girlfriends are bad , wives are worse and babies are the kiss of death in this bitter italian comedy .","girlfriends are bad , wives are worse and babies are the kiss of death in this bitter italian comedy .",0.0016819238662719727,0.0016819238662719727,0,0,0,11,"Failed"
"another in a long line of ultra-violent war movies , this one is not quite what it could have been as a film , but the story and theme make up for it .","another in a long line of ultra-violent war movies , this one is not quite what it could have been as a film , but the story and theme make up for it .",0.003782331943511963,0.003782331943511963,1,1,1,12,"Failed"
"as action-adventure , this space-based homage to robert louis stevenson's treasure island fires on all plasma conduits .","as action-adventure , this space-based homage to robert louis stevenson's treasure island fires on all plasma conduits .",0.0005005598068237305,0.0005005598068237305,1,1,1,12,"Failed"
"a grittily beautiful film that looks , sounds , and feels more like an extended , open-ended poem than a traditionally structured story .","a grittily beautiful film that looks , sounds , and feels more like an extended , open-ended poem than a traditionally structured story .",0.0006965398788452148,0.0006965398788452148,1,1,1,14,"Failed"
"too long , and larded with exposition , this somber cop drama ultimately feels as flat as the scruffy sands of its titular community .","too long , and larded with exposition , this somber cop drama ultimately feels as flat as the scruffy sands of its titular community .",0.0015695691108703613,0.0015695691108703613,0,0,0,14,"Failed"
"spielberg's realization of a near-future america is masterful . this [[makes]] minority report necessary viewing for sci-fi fans , as the film has some of the best special effects ever .","spielberg's realization of a near-future america is masterful . this [[brings]] minority report necessary viewing for sci-fi fans , as the film has some of the best special effects ever .",0.0006582140922546387,0.0008543729782104492,1,1,1,22,"Failed"
"grown-up quibbles are beside the point here . the little girls understand , and mccracken knows that's all that matters .","grown-up quibbles are beside the point here . the little girls understand , and mccracken knows that's all that matters .",0.02947944402694702,0.02947944402694702,1,1,1,11,"Failed"
"a soul-stirring documentary about the israeli/palestinian conflict as revealed through the eyes of some children who remain curious about each other against all odds .","a soul-stirring documentary about the israeli/palestinian conflict as revealed through the eyes of some children who remain curious about each other against all odds .",0.00035190582275390625,0.00035190582275390625,1,1,1,14,"Failed"
"franco is an excellent choice for the walled-off but combustible hustler , but he does not give the transcendent performance sonny needs to overcome gaps in character development and story logic .","franco is an excellent choice for the walled-off but combustible hustler , but he does not give the transcendent performance sonny needs to overcome gaps in character development and story logic .",0.9967793822288513,0.9967793822288513,0,0,1,1,"Skipped"
"the [[story]] is far-flung , [[illogical]] , and [[plain]] [[stupid]] .","the [[lore]] is far-flung , [[unwarranted]] , and [[uncomplicated]] [[nonsensical]] .",0.00041097402572631836,0.8557425141334534,0,1,0,84,"Successful"
"one gets the impression the creators of don't ask don't tell laughed a hell of a lot at their own jokes . too bad none of it is funny .","one gets the impression the creators of don't ask don't tell laughed a hell of a lot at their own jokes . too bad none of it is funny .",0.0005558133125305176,0.0005558133125305176,0,0,0,13,"Failed"
"[[did]] we [[really]] need a [[remake]] of "" [[charade]] ? ""","[[know]] we [[precisely]] need a [[recreate]] of "" [[irony]] ? """,0.002794325351715088,0.9792300462722778,0,1,0,122,"Successful"
"the armenian genocide deserves a more engaged and honest treatment .","the armenian genocide deserves a more engaged and honest treatment .",0.9166381359100342,0.9166381359100342,1,1,0,1,"Skipped"
"the cast has a high time , but de broca has little enthusiasm for such antique pulp .","the cast has a high time , but de broca has little enthusiasm for such antique pulp .",0.0006603598594665527,0.0006603598594665527,0,0,0,12,"Failed"
"by the time it ends in a rush of sequins , flashbulbs , blaring brass and back-stabbing babes , it has said plenty about how show business has infiltrated every corner of society -- and not always for the better .","by the time it ends in a rush of sequins , flashbulbs , blaring brass and back-stabbing babes , it has said plenty about how show business has infiltrated every corner of society -- and not always for the better .",0.922804594039917,0.922804594039917,0,0,1,1,"Skipped"
"i'm happy to have seen it -- not as an alternate version , but as the ultimate exercise in viewing deleted scenes .","i'm happy to have seen it -- not as an alternate version , but as the ultimate exercise in viewing deleted scenes .",0.005597412586212158,0.005597412586212158,1,1,1,12,"Failed"
"[[intensely]] romantic , thought-provoking and even an [[engaging]] [[mystery]] .","[[severely]] romantic , thought-provoking and even an [[participation]] [[headache]] .",0.0005589127540588379,0.9971053600311279,1,0,1,123,"Successful"
"throws in enough clever and [[unexpected]] [[twists]] to [[make]] the formula feel fresh .","throws in enough clever and [[casual]] [[folds]] to [[pose]] the formula feel fresh .",0.0009319186210632324,0.8910307884216309,1,0,1,97,"Successful"
"ya-yas everywhere [[will]] forgive the flaws and [[love]] the film .","ya-yas everywhere [[desiring]] forgive the flaws and [[iove]] the film .",0.0010266304016113281,0.996026873588562,1,0,1,60,"Successful"
"assayas' [[ambitious]] , sometimes beautiful [[adaptation]] of jacques chardonne's [[novel]] .","assayas' [[problematic]] , sometimes beautiful [[seamstress]] of jacques chardonne's [[nova]] .",0.0016558170318603516,0.9743667840957642,1,0,1,82,"Successful"
"doesn't come close to justifying the hype that surrounded its debut at the sundance film festival two years ago .","doesn't come close to justifying the hype that surrounded its debut at the sundance film festival two years ago .",0.0015960335731506348,0.0015960335731506348,0,0,0,14,"Failed"
"a word of advice to the makers of the singles ward : celebrity cameos do not automatically equal laughs . and neither do cliches , no matter how 'inside' they are .","a word of advice to the makers of the singles ward : celebrity cameos do not automatically equal laughs . and neither do cliches , no matter how 'inside' they are .",0.001873314380645752,0.001873314380645752,0,0,0,17,"Failed"
"the movie's downfall is to substitute plot for personality . it doesn't really know or care about the characters , and uses them as markers for a series of preordained events .","the movie's downfall is to substitute plot for personality . it doesn't really know or care about the characters , and uses them as markers for a series of preordained events .",0.0005502104759216309,0.0005502104759216309,0,0,0,15,"Failed"
"from both a great and a terrible story , mr . nelson has [[made]] a film that is an undeniably worthy and devastating experience .","from both a great and a terrible story , mr . nelson has [[done]] a film that is an undeniably worthy and devastating experience .",0.0007246136665344238,0.000731050968170166,1,1,1,19,"Failed"
"there's something to be said for a studio-produced film that never bothers to hand viewers a suitcase full of easy answers .","there's something to be said for a studio-produced film that never bothers to hand viewers a suitcase full of easy answers .",0.9996370077133179,0.9996370077133179,0,0,1,1,"Skipped"
"this is one of mr . chabrol's subtlest works , but also one of his most uncanny .","this is one of mr . chabrol's subtlest works , but also one of his most uncanny .",0.0009130239486694336,0.0009130239486694336,1,1,1,6,"Failed"
". . . blade ii is [[still]] top-heavy with blazing guns , cheatfully filmed martial arts , [[disintegrating]] bloodsucker computer effects and jagged camera moves that serve no other purpose than to call attention to themselves .",". . . blade ii is [[encore]] top-heavy with blazing guns , cheatfully filmed martial arts , [[obliterating]] bloodsucker computer effects and jagged camera moves that serve no other purpose than to call attention to themselves .",0.0007786750793457031,0.009192407131195068,0,0,0,25,"Failed"
"working from a surprisingly sensitive script co-written by gianni romoli . . . ozpetek avoids most of the pitfalls you'd expect in such a potentially sudsy set-up .","working from a surprisingly sensitive script co-written by gianni romoli . . . ozpetek avoids most of the pitfalls you'd expect in such a potentially sudsy set-up .",0.03208273649215698,0.03208273649215698,1,1,1,15,"Failed"
"the venezuelans say things like "" si , pretty much "" and "" por favor , go home "" when talking to americans . that's muy loco , but no more ridiculous than most of the rest of "" dragonfly . ""","the venezuelans say things like "" si , pretty much "" and "" por favor , go home "" when talking to americans . that's muy loco , but no more ridiculous than most of the rest of "" dragonfly . """,0.0027375221252441406,0.0027375221252441406,0,0,0,21,"Failed"
"the [[performances]] are an [[absolute]] [[joy]] .","the [[executions]] are an [[outright]] [[hei]] .",0.001313626766204834,0.9992924928665161,1,0,1,76,"Successful"
"the self-serious equilibrium makes its point too well ; a movie , like life , isn't much fun without the highs and lows .","the self-serious equilibrium makes its point too well ; a movie , like life , isn't much fun without the highs and lows .",0.0007461905479431152,0.0007461905479431152,0,0,0,13,"Failed"
"there is something that is so meditative and lyrical about babak payami's boldly quirky iranian drama secret ballot . . . a charming and evoking little ditty that manages to show the gentle and humane side of middle eastern world politics","there is something that is so meditative and lyrical about babak payami's boldly quirky iranian drama secret ballot . . . a charming and evoking little ditty that manages to show the gentle and humane side of middle eastern world politics",0.0008424520492553711,0.0008424520492553711,1,1,1,25,"Failed"
"can i admit xxx is as deep as a petri dish and as well-characterized as a telephone book but still say it was a guilty pleasure ?","can i admit xxx is as deep as a petri dish and as well-characterized as a telephone book but still say it was a guilty pleasure ?",0.02574312686920166,0.02574312686920166,1,1,1,13,"Failed"
