"original_text","perturbed_text","original_score","perturbed_score","original_output","perturbed_output","ground_truth_output","num_queries","result_type"
"bears is even [[worse]] than i imagined a movie ever could be .","bears is even [[pire]] than i imagined a movie ever could be .",0.006875574588775635,0.9960014224052429,0,1,0,9,"Successful"
"although estela bravo's [[documentary]] is cloyingly hagiographic in its [[portrait]] of [[cuban]] [[leader]] fidel castro , it's [[still]] a guilty [[pleasure]] to watch .","although estela bravo's [[documentation]] is cloyingly hagiographic in its [[portraits]] of [[cuba]] [[chef]] fidel castro , it's [[however]] a guilty [[gladness]] to watch .",0.001990973949432373,0.007439076900482178,1,1,1,38,"Failed"
"i have a new favorite musical -- and i'm not even a fan of the genre","i have a new favorite musical -- and i'm not even a fan of the genre",0.9987711906433105,0.9987711906433105,0,0,1,1,"Skipped"
"it's lazy for a [[movie]] to [[avoid]] [[solving]] one [[problem]] by [[trying]] to [[distract]] us with the [[solution]] to another .","it's lazy for a [[filmmaking]] to [[shirk]] [[addressing]] one [[issues]] by [[seeking]] to [[entertain]] us with the [[solutions]] to another .",0.0005148649215698242,0.0009223222732543945,0,0,0,64,"Failed"
"even when he's not at his most [[critically]] insightful , godard can [[still]] be [[smarter]] than any 50 other [[filmmakers]] [[still]] at [[work]] .","even when he's not at his most [[deeply]] insightful , godard can [[however]] be [[canny]] than any 50 other [[cinematographers]] [[again]] at [[jobs]] .",0.002471745014190674,0.15864330530166626,1,1,1,56,"Failed"
"more successful at relating history than in creating an emotionally complex , dramatically satisfying heroine","more successful at relating history than in creating an emotionally complex , dramatically satisfying heroine",0.9937937259674072,0.9937937259674072,1,1,0,1,"Skipped"
"it's unlikely we'll see a better thriller this year .","it's unlikely we'll see a better thriller this year .",0.998732328414917,0.998732328414917,0,0,1,1,"Skipped"
"the [[story]] [[gives]] ample [[opportunity]] for large-scale [[action]] and [[suspense]] , which [[director]] shekhar kapur supplies with [[tremendous]] [[skill]] .","the [[fairytales]] [[delivers]] ample [[luck]] for large-scale [[activity]] and [[sufferance]] , which [[superintendent]] shekhar kapur supplies with [[sizable]] [[aptitude]] .",0.001867830753326416,0.013424575328826904,1,1,1,86,"Failed"
"ultimately this is a [[frustrating]] [[patchwork]] : an uneasy marriage of louis begley's [[source]] novel ( about schmidt ) and an [[old]] payne [[screenplay]] .","ultimately this is a [[depressing]] [[mosaic]] : an uneasy marriage of louis begley's [[provenance]] novel ( about schmidt ) and an [[ancient]] payne [[scenarios]] .",0.0012558698654174805,0.7417645454406738,0,1,0,41,"Successful"
"the threat implied in the title pokémon 4ever is terrifying  like locusts in a horde these things will keep coming .","the threat implied in the title pokémon 4ever is terrifying  like locusts in a horde these things will keep coming .",0.9787992835044861,0.9787992835044861,1,1,0,1,"Skipped"
"some [[writer]] dude , i [[think]] his name was , [[uh]] , [[michael]] zaidan , was [[supposed]] to have like written the [[screenplay]] or something , but , [[dude]] , the only thing that i ever saw that was written down were the [[zeroes]] on my paycheck .","some [[screenwriter]] dude , i [[believe]] his name was , [[hmm]] , [[michel]] zaidan , was [[suspected]] to have like written the [[script]] or something , but , [[bro]] , the only thing that i ever saw that was written down were the [[zeros]] on my paycheck .",0.0017235279083251953,0.002240419387817383,0,0,0,103,"Failed"
"a sha-na-na [[sketch]] punctuated with graphic violence .","a sha-na-na [[sketching]] punctuated with graphic violence .",0.0026917457580566406,0.013319313526153564,0,0,0,11,"Failed"
"like the [[series]] , the [[movie]] is [[funny]] , smart , visually [[inventive]] , and most of all , alive .","like the [[serials]] , the [[flick]] is [[comical]] , smart , visually [[resourceful]] , and most of all , alive .",0.0006294846534729004,0.0009300112724304199,1,1,1,31,"Failed"
"perhaps even the slc high [[command]] [[found]] writer-director mitch davis's [[wall]] of kitsch [[hard]] [[going]] .","perhaps even the slc high [[commanding]] [[discoveries]] writer-director mitch davis's [[mur]] of kitsch [[tough]] [[go]] .",0.0004807710647583008,0.7849777936935425,0,1,0,40,"Successful"
"'es en verdad una pena que mandoki esté realizando cintas tan malas desde hace algún tiempo , [[pues]] talento tiene , pero quién sabe dónde lo tiene escondido . '","'es en verdad una pena que mandoki esté realizando cintas tan malas desde hace algún tiempo , [[ahora]] talento tiene , pero quién sabe dónde lo tiene escondido . '",0.37850260734558105,0.6914693117141724,0,1,0,32,"Successful"
"the [[spalding]] [[gray]] [[equivalent]] of a [[teen]] gross-out comedy .","the [[campion]] [[grey]] [[comparable]] of a [[youth]] gross-out comedy .",0.0004073977470397949,0.04195219278335571,0,0,0,28,"Failed"
"all mood and no [[movie]] .","all mood and no [[cinematography]] .",0.0012192130088806152,0.0013899803161621094,0,0,0,16,"Failed"
"other than the slightly flawed ( and fairly unbelievable ) finale , everything else is top shelf .","other than the slightly flawed ( and fairly unbelievable ) finale , everything else is top shelf .",0.9993778467178345,0.9993778467178345,0,0,1,1,"Skipped"
"[[despite]] an [[overwrought]] [[ending]] , the [[film]] [[works]] as well as it does because of the performances .","[[albeit]] an [[overworked]] [[discontinue]] , the [[movie]] [[worked]] as well as it does because of the performances .",0.0019028782844543457,0.005954623222351074,1,1,1,42,"Failed"
"connoisseurs of chinese [[film]] will [[be]] [[pleased]] to [[discover]] that tian's [[meticulous]] talent [[has]] not withered during his enforced [[hiatus]] .","connoisseurs of chinese [[movies]] will [[are]] [[contented]] to [[detect]] that tian's [[careful]] talent [[possesses]] not withered during his enforced [[interruption]] .",0.005985081195831299,0.02698051929473877,1,1,1,58,"Failed"
"exploring value choices is a worthwhile [[topic]] for a film -- but here the [[choices]] are as contrived and [[artificial]] as kerrigan's platinum-blonde hair .","exploring value choices is a worthwhile [[theme]] for a film -- but here the [[elects]] are as contrived and [[contrived]] as kerrigan's platinum-blonde hair .",0.0005165338516235352,0.6332125663757324,0,1,0,64,"Successful"
"a dark comedy that goes for sick and [[demented]] humor simply to [[do]] so . the [[movie]] is without [[intent]] .","a dark comedy that goes for sick and [[coot]] humor simply to [[doing]] so . the [[film]] is without [[aimed]] .",0.0006580948829650879,0.0010578036308288574,0,0,0,79,"Failed"
"more trifle than [[triumph]] .","more trifle than [[triomphe]] .",0.05234575271606445,0.9750080108642578,0,1,0,12,"Successful"
"entertains not so much because of its music or comic antics , but through the perverse pleasure of watching disney scrape the bottom of its own cracker barrel .","entertains not so much because of its music or comic antics , but through the perverse pleasure of watching disney scrape the bottom of its own cracker barrel .",0.998518705368042,0.998518705368042,1,1,0,1,"Skipped"
"[[directed]] in a flashy , empty sub-music [[video]] style by a director so self-possessed he actually [[adds]] a period to his first name","[[aimed]] in a flashy , empty sub-music [[videos]] style by a director so self-possessed he actually [[add]] a period to his first name",0.0006192922592163086,0.0007631778717041016,0,0,0,50,"Failed"
"the [[movie]] is concocted and carried out by folks worthy of [[scorn]] , and the [[nicest]] [[thing]] i can say is that i can't remember a [[single]] [[name]] [[responsible]] for it .","the [[film]] is concocted and carried out by folks worthy of [[disrespect]] , and the [[sweetest]] [[stuff]] i can say is that i can't remember a [[lonely]] [[behalf]] [[accountable]] for it .",0.000810086727142334,0.06676167249679565,0,0,0,58,"Failed"
"[[aptly]] named , this [[shimmering]] , [[beautifully]] costumed and filmed production doesn't [[work]] for me .","[[deservedly]] named , this [[glistening]] , [[strikingly]] costumed and filmed production doesn't [[collaborated]] for me .",0.0010287761688232422,0.1766505241394043,0,0,0,55,"Failed"
"an enthralling , entertaining [[feature]] .","an enthralling , entertaining [[attribute]] .",0.0006738901138305664,0.0013635754585266113,1,1,1,20,"Failed"
". . . a sweetly affecting [[story]] about four [[sisters]] who are coping , in one [[way]] or another , with life's endgame .",". . . a sweetly affecting [[tale]] about four [[siblings]] who are coping , in one [[ways]] or another , with life's endgame .",0.0007828474044799805,0.0008370876312255859,1,1,1,42,"Failed"
"a slow-moving police-procedural thriller that takes its title all too literally .","a slow-moving police-procedural thriller that takes its title all too literally .",0.0007968544960021973,0.0007968544960021973,0,0,0,9,"Failed"
"the engagingly primitive [[animated]] special [[effects]] contribute to a mood that's [[sustained]] through the surprisingly [[somber]] [[conclusion]] .","the engagingly primitive [[animation]] special [[ramifications]] contribute to a mood that's [[incessant]] through the surprisingly [[pessimistic]] [[concluded]] .",0.0011655688285827637,0.5638302564620972,1,0,1,62,"Successful"
"it [[should]] be [[doing]] a [[lot]] of [[things]] , but doesn't .","it [[would]] be [[fact]] a [[batch]] of [[items]] , but doesn't .",0.0012325048446655273,0.0034855008125305176,0,0,0,22,"Failed"
"according to wendigo , 'nature' loves the members of the upper class almost as much as they love themselves .","according to wendigo , 'nature' loves the members of the upper class almost as much as they love themselves .",0.9887146949768066,0.9887146949768066,1,1,0,1,"Skipped"
"i've yet to find an actual vietnam war combat movie actually produced by either the north or south vietnamese , but at least now we've got something pretty damn close .","i've yet to find an actual vietnam war combat movie actually produced by either the north or south vietnamese , but at least now we've got something pretty damn close .",0.9339796900749207,0.9339796900749207,0,0,1,1,"Skipped"
"'[[opening]] up' the [[play]] more [[has]] [[partly]] [[closed]] it down .","'[[opens]] up' the [[playing]] more [[had]] [[partially]] [[latched]] it down .",0.0012367963790893555,0.003139495849609375,0,0,0,29,"Failed"
"the [[rules]] of [[attraction]] [[gets]] us too [[drunk]] on the party [[favors]] to sober us up with the transparent [[attempts]] at moralizing .","the [[provisions]] of [[attracting]] [[attains]] us too [[drinker]] on the party [[prefer]] to sober us up with the transparent [[endeavor]] at moralizing .",0.000577092170715332,0.2137848138809204,0,0,0,57,"Failed"
"leigh isn't breaking new ground , but he knows how a daily grind can kill love .","leigh isn't breaking new ground , but he knows how a daily grind can kill love .",0.960151731967926,0.960151731967926,0,0,1,1,"Skipped"
"it was filled with shootings , beatings , and more cussing than you could shake a stick at .","it was filled with shootings , beatings , and more cussing than you could shake a stick at .",0.9967754483222961,0.9967754483222961,0,0,1,1,"Skipped"
"it has the right approach and the right opening premise , but it [[lacks]] the zest and it goes for a plot twist [[instead]] of [[trusting]] the material .","it has the right approach and the right opening premise , but it [[dearth]] the zest and it goes for a plot twist [[alternatively]] of [[confidence]] the material .",0.0007140040397644043,0.593997061252594,0,1,0,29,"Successful"
"ninety minutes of viva castro ! can be as [[tiresome]] as 9 [[seconds]] of jesse helms' anti- castro [[rhetoric]] , which are included","ninety minutes of viva castro ! can be as [[monotonous]] as 9 [[secs]] of jesse helms' anti- castro [[discourse]] , which are included",0.0014889836311340332,0.07738220691680908,0,0,0,33,"Failed"
"an enormously [[entertaining]] [[movie]] , [[like]] nothing we've ever seen before , and yet completely familiar .","an enormously [[droll]] [[movies]] , [[iike]] nothing we've ever seen before , and yet completely familiar .",0.0014795660972595215,0.6937812566757202,1,0,1,24,"Successful"
"after [[several]] scenes of this tacky [[nonsense]] , you'll [[be]] [[wistful]] for the testosterone-charged wizardry of jerry bruckheimer productions , [[especially]] because half past dead is like the [[rock]] on a wal-mart budget .","after [[myriad]] scenes of this tacky [[senseless]] , you'll [[are]] [[mournful]] for the testosterone-charged wizardry of jerry bruckheimer productions , [[specially]] because half past dead is like the [[rocks]] on a wal-mart budget .",0.0015998482704162598,0.9541887640953064,0,1,0,64,"Successful"
"blue crush has all the trappings of an energetic , extreme-sports adventure , but ends up more of a creaky "" pretty woman "" retread , with the emphasis on self-empowering schmaltz and big-wave surfing that gives pic its title an afterthought .","blue crush has all the trappings of an energetic , extreme-sports adventure , but ends up more of a creaky "" pretty woman "" retread , with the emphasis on self-empowering schmaltz and big-wave surfing that gives pic its title an afterthought .",0.6374726295471191,0.6374726295471191,1,1,0,1,"Skipped"
"even though we know the outcome , the seesawing of the general's fate in the arguments of competing lawyers has the stomach-knotting [[suspense]] of a legal thriller , while the testimony of witnesses lends the film a resonant undertone of tragedy .","even though we know the outcome , the seesawing of the general's fate in the arguments of competing lawyers has the stomach-knotting [[sufferance]] of a legal thriller , while the testimony of witnesses lends the film a resonant undertone of tragedy .",0.004518389701843262,0.9114357233047485,1,0,1,25,"Successful"
"the [[romance]] between the leads isn't as [[compelling]] or as [[believable]] as it should [[be]] .","the [[romanticism]] between the leads isn't as [[conclusive]] or as [[reliable]] as it should [[are]] .",0.0013762712478637695,0.0018239021301269531,0,0,0,25,"Failed"
"the [[movie]] is a [[little]] [[tired]] ; [[maybe]] the [[original]] inspiration [[has]] [[run]] its [[course]] .","the [[films]] is a [[scant]] [[jaded]] ; [[perhaps]] the [[upfront]] inspiration [[possesses]] [[executes]] its [[cours]] .",0.0010544657707214355,0.581802487373352,0,1,0,48,"Successful"
"the story itself it mostly [[told]] through on-camera [[interviews]] with [[several]] [[survivors]] , whose [[riveting]] [[memories]] are [[rendered]] with such [[clarity]] that it's as if it all [[happened]] only yesterday .","the story itself it mostly [[said]] through on-camera [[interview]] with [[dissimilar]] [[surviving]] , whose [[enthralling]] [[memorials]] are [[delivered]] with such [[lucidity]] that it's as if it all [[sweated]] only yesterday .",0.0009569525718688965,0.01593858003616333,1,1,1,67,"Failed"
"a [[passionately]] [[inquisitive]] [[film]] [[determined]] to [[uncover]] the [[truth]] and [[hopefully]] [[inspire]] [[action]] .","a [[hotly]] [[nosey]] [[kino]] [[ascertained]] to [[reveal]] the [[veracity]] and [[luckily]] [[inspires]] [[measures]] .",0.00042885541915893555,0.02408885955810547,1,1,1,53,"Failed"
"a zombie [[movie]] in [[every]] sense of the word--mindless , lifeless , meandering , [[loud]] , painful , [[obnoxious]] .","a zombie [[kino]] in [[each]] sense of the word--mindless , lifeless , meandering , [[noisy]] , painful , [[despicable]] .",0.0003581047058105469,0.26194053888320923,0,0,0,41,"Failed"
"the [[movie]] doesn't [[generate]] a lot of energy . it is [[dark]] , brooding and [[slow]] , and takes its central [[idea]] [[way]] too [[seriously]] .","the [[film]] doesn't [[produce]] a lot of energy . it is [[somber]] , brooding and [[slower]] , and takes its central [[ideas]] [[camino]] too [[gravely]] .",0.0009414553642272949,0.0016403794288635254,0,0,0,60,"Failed"
"[[highlighted]] by a gritty style and an [[excellent]] cast , it's better than one [[might]] [[expect]] when you [[look]] at the list of [[movies]] starring ice-t in a [[major]] role .","[[stressed]] by a gritty style and an [[super]] cast , it's better than one [[maybe]] [[expecting]] when you [[gaze]] at the list of [[theater]] starring ice-t in a [[sizeable]] role .",0.0036260485649108887,0.5917035341262817,1,0,1,95,"Successful"
"the first [[mistake]] , i [[suspect]] , is [[casting]] shatner as a legendary [[professor]] and kunis as a [[brilliant]] [[college]] student--where's pauly shore as the [[rocket]] [[scientist]] ?","the first [[error]] , i [[suspected]] , is [[pouring]] shatner as a legendary [[educator]] and kunis as a [[wonderful]] [[university]] student--where's pauly shore as the [[projectiles]] [[investigators]] ?",0.0015925765037536621,0.020211517810821533,0,0,0,86,"Failed"
"one of [jaglom's] better efforts -- a wry and sometime [[bitter]] [[movie]] about [[love]] .","one of [jaglom's] better efforts -- a wry and sometime [[embittered]] [[kino]] about [[amore]] .",0.004357814788818359,0.7259256839752197,1,0,1,26,"Successful"
"essentially , the film is [[weak]] on detail and strong on personality","essentially , the film is [[vulnerable]] on detail and strong on personality",0.0011182427406311035,0.9991708397865295,0,1,0,11,"Successful"
"if it's unnerving suspense you're after -- you'll find it with ring , an indisputably [[spooky]] film ; with a screenplay to die for .","if it's unnerving suspense you're after -- you'll find it with ring , an indisputably [[alarming]] film ; with a screenplay to die for .",0.004636049270629883,0.8135140538215637,1,0,1,18,"Successful"
"in terms of execution this movie is careless and unfocused .","in terms of execution this movie is careless and unfocused .",0.9957855343818665,0.9957855343818665,1,1,0,1,"Skipped"
"about the best thing you could say about narc is that it's a rock-solid little [[genre]] picture . whether you like it or not is basically a matter of taste .","about the best thing you could say about narc is that it's a rock-solid little [[type]] picture . whether you like it or not is basically a matter of taste .",0.01594376564025879,0.7018473744392395,1,0,1,15,"Successful"
"affable if not timeless , like mike raises some worthwhile themes while [[delivering]] a wholesome fantasy for kids .","affable if not timeless , like mike raises some worthwhile themes while [[offered]] a wholesome fantasy for kids .",0.0009120702743530273,0.8581928014755249,1,0,1,20,"Successful"
"less cinematically powerful than quietly and deeply moving , which is powerful in itself .","less cinematically powerful than quietly and deeply moving , which is powerful in itself .",0.9921224117279053,0.9921224117279053,0,0,1,1,"Skipped"
"a well-rounded [[tribute]] to a [[man]] whose [[achievements]] -- and [[complexities]] -- [[reached]] far beyond the [[end]] [[zone]] .","a well-rounded [[commendation]] to a [[dude]] whose [[successes]] -- and [[niceties]] -- [[totaled]] far beyond the [[ends]] [[sphere]] .",0.0004349350929260254,0.05753779411315918,1,1,1,52,"Failed"
"you won't look at religious fanatics -- or backyard sheds -- the same way again .","you won't look at religious fanatics -- or backyard sheds -- the same way again .",0.6174242496490479,0.6174242496490479,0,0,1,1,"Skipped"
"[a] boldly stroked , luridly [[coloured]] , uni-dimensional [[nonsense]] machine that strokes the eyeballs while it evaporates like so much crypt mist in the brain .","[a] boldly stroked , luridly [[colourful]] , uni-dimensional [[claptrap]] machine that strokes the eyeballs while it evaporates like so much crypt mist in the brain .",0.02929931879043579,0.6278252601623535,0,1,0,39,"Successful"
"bearable . [[barely]] .","bearable . [[hardly]] .",0.002986907958984375,0.003386557102203369,0,0,0,6,"Failed"
"it's a testament to de niro and [[director]] michael caton-jones that by movie's [[end]] , we [[accept]] the [[characters]] and the [[film]] , flaws and all .","it's a testament to de niro and [[headmaster]] michael caton-jones that by movie's [[terminates]] , we [[admit]] the [[features]] and the [[cinematography]] , flaws and all .",0.0029828548431396484,0.9365105628967285,1,0,1,46,"Successful"
"a solidly [[entertaining]] little [[film]] .","a solidly [[amuse]] little [[cinematography]] .",0.0009821653366088867,0.9990714192390442,1,0,1,18,"Successful"
"[[queen]] of the [[damned]] is too long with too [[little]] [[going]] on .","[[reine]] of the [[goddamned]] is too long with too [[small]] [[go]] on .",0.0009802579879760742,0.004555702209472656,0,0,0,31,"Failed"
"in his latest [[effort]] , [[storytelling]] , solondz [[has]] [[finally]] [[made]] a [[movie]] that isn't just [[offensive]] -- it also [[happens]] to be [[good]] .","in his latest [[endeavour]] , [[conte]] , solondz [[possesses]] [[eventually]] [[brought]] a [[cinematography]] that isn't just [[objectionable]] -- it also [[occurs]] to be [[buena]] .",0.0017715096473693848,0.874858558177948,1,0,1,49,"Successful"
"the film's trailer also [[looked]] like [[crap]] , so crap is what i was [[expecting]] .","the film's trailer also [[seemed]] like [[shit]] , so crap is what i was [[wait]] .",0.0007928013801574707,0.0013609528541564941,0,0,0,41,"Failed"
"koepp's screenplay isn't [[nearly]] [[surprising]] or [[clever]] enough to sustain a reasonable [[degree]] of suspense on its own .","koepp's screenplay isn't [[almost]] [[unbelievable]] or [[malin]] enough to sustain a reasonable [[degrees]] of suspense on its own .",0.0011504888534545898,0.5897402763366699,0,1,0,42,"Successful"
""" . . . something appears to have been lost in the translation this time . the importance of being earnest movie seems to be missing a great deal of the acerbic repartee of the play . """,""" . . . something appears to have been lost in the translation this time . the importance of being earnest movie seems to be missing a great deal of the acerbic repartee of the play . """,0.9974949955940247,0.9974949955940247,0,0,1,1,"Skipped"
"the most [[consistently]] [[funny]] of the austin powers [[films]] .","the most [[ceaselessly]] [[comical]] of the austin powers [[kino]] .",0.0013331174850463867,0.9981942176818848,1,0,1,31,"Successful"
"if you can keep your eyes open amid all the blood and gore , you'll see del toro [[has]] brought [[unexpected]] gravity to blade ii .","if you can keep your eyes open amid all the blood and gore , you'll see del toro [[ha]] brought [[unannounced]] gravity to blade ii .",0.003213047981262207,0.799777090549469,1,0,1,30,"Successful"
"the [[big]] [[finish]] is a [[bit]] like getting all excited about a [[chocolate]] eclair and then biting into it and finding the [[filling]] [[missing]] .","the [[overwhelming]] [[completes]] is a [[bite]] like getting all excited about a [[candy]] eclair and then biting into it and finding the [[filler]] [[disappeared]] .",0.0006260275840759277,0.957392692565918,0,1,0,67,"Successful"
"it's a [[very]] [[valuable]] film . . .","it's a [[eminently]] [[worthwhile]] film . . .",0.0008624792098999023,0.0016944408416748047,1,1,1,26,"Failed"
"[[entertaining]] despite its one-joke premise with the thesis that women from venus and men from mars can indeed get together .","[[droll]] despite its one-joke premise with the thesis that women from venus and men from mars can indeed get together .",0.003192901611328125,0.9955575466156006,1,0,1,15,"Successful"
""" what really happened ? "" is a question for philosophers , not filmmakers ; all the filmmakers need to do is engage an audience .",""" what really happened ? "" is a question for philosophers , not filmmakers ; all the filmmakers need to do is engage an audience .",0.9946771860122681,0.9946771860122681,0,0,1,1,"Skipped"
"it's a [[big]] [[idea]] , but the film itself is [[small]] and shriveled .","it's a [[overwhelming]] [[thought]] , but the film itself is [[minor]] and shriveled .",0.0007807016372680664,0.0011316537857055664,0,0,0,56,"Failed"
"`martin lawrence live' is [[so]] self-pitying , i almost expected there to [[be]] a [[collection]] [[taken]] for the comedian at the [[end]] of the [[show]] .","`martin lawrence live' is [[thereby]] self-pitying , i almost expected there to [[are]] a [[gathering]] [[picked]] for the comedian at the [[terminates]] of the [[exposition]] .",0.0008087754249572754,0.017085731029510498,0,0,0,58,"Failed"
"one [[funny]] popcorn [[flick]] .","one [[comical]] popcorn [[gesture]] .",0.0008302927017211914,0.8388699293136597,1,0,1,10,"Successful"
"an inept , [[tedious]] spoof of '70s kung fu [[pictures]] , it contains almost enough [[chuckles]] for a three-minute [[sketch]] , and no more .","an inept , [[monotonous]] spoof of '70s kung fu [[visuals]] , it contains almost enough [[grin]] for a three-minute [[sketching]] , and no more .",0.0006322264671325684,0.0008510351181030273,0,0,0,54,"Failed"
"smith [[finds]] amusing juxtapositions that [[justify]] his [[exercise]] .","smith [[deems]] amusing juxtapositions that [[warranted]] his [[practising]] .",0.0017797350883483887,0.8708442449569702,1,0,1,27,"Successful"
"[[gambling]] and throwing a basketball [[game]] for [[money]] isn't a new plot -- in fact toback himself used it in black and white . but toback's deranged immediacy makes it seem fresh again .","[[wagering]] and throwing a basketball [[gaming]] for [[moneys]] isn't a new plot -- in fact toback himself used it in black and white . but toback's deranged immediacy makes it seem fresh again .",0.008023679256439209,0.01071399450302124,1,1,1,46,"Failed"
"unpretentious , [[charming]] , [[quirky]] , original","unpretentious , [[handsome]] , [[lunatic]] , original",0.003400862216949463,0.884075403213501,1,0,1,15,"Successful"
"a visionary marvel , but it's lacking a depth in storytelling usually found in anime like this .","a visionary marvel , but it's lacking a depth in storytelling usually found in anime like this .",0.9991623759269714,0.9991623759269714,0,0,1,1,"Skipped"
"a [[powerful]] , chilling , and affecting [[study]] of one man's [[dying]] [[fall]] .","a [[forceful]] , chilling , and affecting [[explore]] of one man's [[die]] [[slumps]] .",0.0005972385406494141,0.0010349750518798828,1,1,1,60,"Failed"
"a technically well-made suspenser . . . but its [[abrupt]] drop in iq points as it races to the finish line proves [[simply]] too discouraging to let slide .","a technically well-made suspenser . . . but its [[brusque]] drop in iq points as it races to the finish line proves [[purely]] too discouraging to let slide .",0.08624351024627686,0.8489111065864563,0,1,0,26,"Successful"
"insomnia [[loses]] [[points]] when it [[surrenders]] to a formulaic bang-bang , shoot-em-up scene at the [[conclusion]] . but the performances of pacino , [[williams]] , and [[swank]] [[keep]] the [[viewer]] wide-awake all the [[way]] through .","insomnia [[looses]] [[dot]] when it [[abandons]] to a formulaic bang-bang , shoot-em-up scene at the [[finding]] . but the performances of pacino , [[william]] , and [[chic]] [[preserve]] the [[onlooker]] wide-awake all the [[manner]] through .",0.004204511642456055,0.02308177947998047,1,1,1,55,"Failed"
"as a thoughtful and [[unflinching]] [[examination]] of an [[alternative]] lifestyle , sex with [[strangers]] is a success .","as a thoughtful and [[steadfast]] [[consideration]] of an [[alternate]] lifestyle , sex with [[foreigner]] is a success .",0.00045931339263916016,0.0015992522239685059,1,1,1,43,"Failed"
"cattaneo reworks the formula that made the full monty a smashing success . . . but [[neglects]] to add the magic that made it all work .","cattaneo reworks the formula that made the full monty a smashing success . . . but [[overlooking]] to add the magic that made it all work .",0.0008719563484191895,0.99640291929245,0,1,0,21,"Successful"
"the production values are of the highest and the performances attractive without being memorable .","the production values are of the highest and the performances attractive without being memorable .",0.9941661953926086,0.9941661953926086,0,0,1,1,"Skipped"
"hey , happy ! is [[many]] [[things]] -- stoner midnight flick , sci-fi deconstruction , gay fantasia -- but above all it's a love story as sanguine as its title .","hey , happy ! is [[numerous]] [[items]] -- stoner midnight flick , sci-fi deconstruction , gay fantasia -- but above all it's a love story as sanguine as its title .",0.053812623023986816,0.5316957831382751,1,0,1,26,"Successful"
"as well-acted and well-intentioned as all or nothing is , however , the film comes perilously close to being too bleak , too pessimistic and too unflinching for its own good .","as well-acted and well-intentioned as all or nothing is , however , the film comes perilously close to being too bleak , too pessimistic and too unflinching for its own good .",0.9963805079460144,0.9963805079460144,0,0,1,1,"Skipped"
"in the director's cut , the [[film]] is not only a [[love]] song to the [[movies]] but it also is more [[fully]] an example of the [[kind]] of lush , all-enveloping movie [[experience]] it rhapsodizes .","in the director's cut , the [[flick]] is not only a [[iike]] song to the [[theater]] but it also is more [[altogether]] an example of the [[sort]] of lush , all-enveloping movie [[experiences]] it rhapsodizes .",0.00043088197708129883,0.6051939129829407,1,0,1,58,"Successful"
"far-fetched premise , [[convoluted]] plot , and thematic [[mumbo]] [[jumbo]] about destiny and redemptive [[love]] .","far-fetched premise , [[intricate]] plot , and thematic [[gobbledygook]] [[immense]] about destiny and redemptive [[adores]] .",0.0005080699920654297,0.9995743632316589,0,1,0,37,"Successful"
"this amiable picture talks tough , but it's all bluster -- in the end it's as [[sweet]] as greenfingers . . .","this amiable picture talks tough , but it's all bluster -- in the end it's as [[sugary]] as greenfingers . . .",0.025523006916046143,0.9948977828025818,1,0,1,10,"Successful"
"an [[animation]] [[landmark]] as [[monumental]] as disney's 1937 [[breakthrough]] [[snow]] white and the seven [[dwarfs]] .","an [[animate]] [[memorable]] as [[gargantuan]] as disney's 1937 [[breakdown]] [[snowfall]] white and the seven [[midgets]] .",0.0008646845817565918,0.9858999252319336,1,0,1,35,"Successful"
"to [[call]] this [[film]] a lump of [[coal]] would only [[be]] to flatter it .","to [[calls]] this [[kino]] a lump of [[coals]] would only [[are]] to flatter it .",0.0005722641944885254,0.0012200474739074707,0,0,0,28,"Failed"
"[[great]] character interaction .","[[prodigious]] character interaction .",0.0017101168632507324,0.9984675645828247,1,0,1,28,"Successful"
"more [[likely]] to have you scratching your head than [[hiding]] under your [[seat]] .","more [[apt]] to have you scratching your head than [[disguising]] under your [[seated]] .",0.006969630718231201,0.3577212691307068,0,0,0,27,"Failed"
"that haynes can both [[maintain]] and [[dismantle]] the facades that his [[genre]] and his [[character]] [[construct]] is a wonderous [[accomplishment]] of [[veracity]] and narrative grace .","that haynes can both [[keep]] and [[demolish]] the facades that his [[kinds]] and his [[characters]] [[constructed]] is a wonderous [[materialization]] of [[authenticity]] and narrative grace .",0.0012205243110656738,0.005286991596221924,1,1,1,75,"Failed"
"those who don't entirely 'get' godard's distinctive discourse will still [[come]] away with a sense of his [[reserved]] but existential poignancy .","those who don't entirely 'get' godard's distinctive discourse will still [[arriving]] away with a sense of his [[reserving]] but existential poignancy .",0.010739445686340332,0.72535240650177,1,0,1,21,"Successful"
". it's a testament to the film's [[considerable]] charm that it succeeds in [[entertaining]] , [[despite]] [[playing]] out like a feature-length sitcom [[replete]] with [[stereotypical]] familial quandaries . there's a [[sheer]] [[unbridled]] [[delight]] in the [[way]] the story unfurls . . .",". it's a testament to the film's [[sizable]] charm that it succeeds in [[amuse]] , [[while]] [[gaming]] out like a feature-length sitcom [[riddled]] with [[stereotyped]] familial quandaries . there's a [[pure]] [[unfettered]] [[pleasure]] in the [[manner]] the story unfurls . . .",0.00527644157409668,0.01266390085220337,1,1,1,96,"Failed"
"even after 90 minutes of playing opposite each other bullock and grant still look [[ill]] at ease sharing the same scene . what should have been a painless time-killer becomes instead a grating endurance [[test]] .","even after 90 minutes of playing opposite each other bullock and grant still look [[patient]] at ease sharing the same scene . what should have been a painless time-killer becomes instead a grating endurance [[proof]] .",0.002400696277618408,0.6064601540565491,0,1,0,32,"Successful"
"there's no [[disguising]] this as one of the [[worst]] films of the [[summer]] . or for the [[year]] , for that matter .","there's no [[hidden]] this as one of the [[hardest]] films of the [[sommer]] . or for the [[annum]] , for that matter .",0.0011747479438781738,0.5122584104537964,0,1,0,30,"Successful"
"i could have used my two [[hours]] better watching being [[john]] malkovich again .","i could have used my two [[hour]] better watching being [[johannes]] malkovich again .",0.0072242021560668945,0.009509801864624023,0,0,0,17,"Failed"
"i just saw this movie . . . well , it's probably not accurate to call it a movie .","i just saw this movie . . . well , it's probably not accurate to call it a movie .",0.9992135763168335,0.9992135763168335,0,0,1,1,"Skipped"
"miller [[has]] [[crafted]] an [[intriguing]] [[story]] of maternal instincts and misguided acts of affection .","miller [[had]] [[drafted]] an [[enigmatic]] [[conte]] of maternal instincts and misguided acts of affection .",0.0005877017974853516,0.9810238480567932,1,0,1,36,"Successful"
"the film . . . presents classic moral-condundrum drama : what would you have done to survive ? the [[problem]] with the [[film]] is whether these [[ambitions]] , laudable in themselves , justify a theatrical simulation of the death camp of auschwitz ii-birkenau .","the film . . . presents classic moral-condundrum drama : what would you have done to survive ? the [[difficulties]] with the [[films]] is whether these [[aims]] , laudable in themselves , justify a theatrical simulation of the death camp of auschwitz ii-birkenau .",0.09579873085021973,0.614361047744751,0,1,0,37,"Successful"
"it's not a [[particularly]] good [[film]] , but neither is it a monsterous one .","it's not a [[principally]] good [[cinematography]] , but neither is it a monsterous one .",0.002211451530456543,0.009559869766235352,0,0,0,25,"Failed"
"definitely a crowd-pleaser , but then , so was the roman colosseum .","definitely a crowd-pleaser , but then , so was the roman colosseum .",0.9873752593994141,0.9873752593994141,1,1,0,1,"Skipped"
"the gags that fly at such a furiously funny pace that the only rip off that we were aware of was the one we felt when the movie ended so damned soon .","the gags that fly at such a furiously funny pace that the only rip off that we were aware of was the one we felt when the movie ended so damned soon .",0.9871019124984741,0.9871019124984741,0,0,1,1,"Skipped"
"a cellophane-pop [[remake]] of the [[punk]] classic ladies and gentlemen , the [[fabulous]] stains . . . [[crossroads]] is never much worse than [[bland]] or better than inconsequential .","a cellophane-pop [[redo]] of the [[lowlife]] classic ladies and gentlemen , the [[stunning]] stains . . . [[juncture]] is never much worse than [[insipid]] or better than inconsequential .",0.0009943842887878418,0.557427167892456,0,1,0,54,"Successful"
"an almost unbearably morbid love story .","an almost unbearably morbid love story .",0.639076292514801,0.639076292514801,0,0,1,1,"Skipped"
"hart's war [[seems]] to [[want]] to be a character [[study]] , but [[apparently]] can't [[quite]] [[decide]] which [[character]] .","hart's war [[appears]] to [[wanted]] to be a character [[examine]] , but [[reportedly]] can't [[rather]] [[deciding]] which [[trait]] .",0.0014919638633728027,0.00656580924987793,0,0,0,68,"Failed"
". . . is funny in the [[way]] that makes you [[ache]] with [[sadness]] ( the [[way]] chekhov is [[funny]] ) , profound without ever being self-important , warm without ever [[succumbing]] to sentimentality .",". . . is funny in the [[manner]] that makes you [[stomachache]] with [[woe]] ( the [[manner]] chekhov is [[droll]] ) , profound without ever being self-important , warm without ever [[succumb]] to sentimentality .",0.0018047690391540527,0.0038015246391296387,1,1,1,52,"Failed"
"not just unlikable . [[disturbing]] . [[disgusting]] . without any redeeming [[value]] whatsoever .","not just unlikable . [[unnerving]] . [[abhorrent]] . without any redeeming [[valued]] whatsoever .",0.0005447268486022949,0.5240918397903442,0,1,0,33,"Successful"
"an adorably whimsical [[comedy]] that deserves more than a passing twinkle .","an adorably whimsical [[travesty]] that deserves more than a passing twinkle .",0.01425260305404663,0.9991597533226013,1,0,1,15,"Successful"
"tells ( the story ) with such atmospheric ballast that shrugging off the plot's persnickety problems is simply a matter of ( being ) in a shrugging mood .","tells ( the story ) with such atmospheric ballast that shrugging off the plot's persnickety problems is simply a matter of ( being ) in a shrugging mood .",0.9945066571235657,0.9945066571235657,0,0,1,1,"Skipped"
"the stunt work is top-notch ; the dialogue and drama often food-spittingly funny .","the stunt work is top-notch ; the dialogue and drama often food-spittingly funny .",0.9977322816848755,0.9977322816848755,1,1,0,1,"Skipped"
"goofy , nutty , [[consistently]] [[funny]] . and [[educational]] !","goofy , nutty , [[regularly]] [[comical]] . and [[didactic]] !",0.0013695955276489258,0.39918696880340576,1,1,1,28,"Failed"
"arliss howard's ambitious , [[moving]] , and [[adventurous]] directorial debut , [[big]] bad [[love]] , meets so [[many]] of the [[challenges]] it poses for itself that one can forgive the film its flaws .","arliss howard's ambitious , [[relocating]] , and [[gallant]] directorial debut , [[vast]] bad [[likes]] , meets so [[several]] of the [[difficulties]] it poses for itself that one can forgive the film its flaws .",0.0006229281425476074,0.8517143130302429,1,0,1,64,"Successful"
"gaping plot [[holes]] [[sink]] this 'sub'-standard thriller and drag [[audience]] enthusiasm to [[crush]] depth .","gaping plot [[keyholes]] [[sinks]] this 'sub'-standard thriller and drag [[audiences]] enthusiasm to [[trample]] depth .",0.0007233023643493652,0.0010285377502441406,0,0,0,36,"Failed"
"the film has too many spots where it's on slippery footing , but is acceptable entertainment for the entire family and one that's especially fit for the kiddies .","the film has too many spots where it's on slippery footing , but is acceptable entertainment for the entire family and one that's especially fit for the kiddies .",0.9968916773796082,0.9968916773796082,1,1,0,1,"Skipped"
"in imax in [[short]] , it's just as [[wonderful]] on the [[big]] screen .","in imax in [[terse]] , it's just as [[glamorous]] on the [[prodigious]] screen .",0.000987410545349121,0.196244478225708,1,1,1,43,"Failed"
"talkiness isn't necessarily bad , but the [[dialogue]] [[frequently]] [[misses]] the [[mark]] .","talkiness isn't necessarily bad , but the [[dialogues]] [[often]] [[lack]] the [[flagged]] .",0.0010549426078796387,0.0063437819480896,0,0,0,27,"Failed"
"this is a nervy , [[risky]] [[film]] , and villeneuve has inspired croze to give herself over [[completely]] to the [[tormented]] persona of bibi .","this is a nervy , [[unsafe]] [[flick]] , and villeneuve has inspired croze to give herself over [[entirely]] to the [[tumultuous]] persona of bibi .",0.0010319948196411133,0.7396297454833984,1,0,1,44,"Successful"
"fresnadillo has something serious to say about the ways in which extravagant chance can distort our perspective and throw us off the path of good sense .","fresnadillo has something serious to say about the ways in which extravagant chance can distort our perspective and throw us off the path of good sense .",0.9546935558319092,0.9546935558319092,0,0,1,1,"Skipped"
"throughout all the [[tumult]] , a question comes to [[mind]] : [[so]] why is this [[so]] [[boring]] ?","throughout all the [[restlessness]] , a question comes to [[intellect]] : [[thus]] why is this [[consequently]] [[monotonous]] ?",0.0007058382034301758,0.04319596290588379,0,0,0,39,"Failed"
"the [[best]] [[film]] of the year 2002 .","the [[better]] [[cinema]] of the year 2002 .",0.0034698843955993652,0.0879257321357727,1,1,1,21,"Failed"
"true to its title , it traps [[audiences]] in a series of relentlessly [[nasty]] [[situations]] that we would [[pay]] a considerable ransom not to be [[looking]] at .","true to its title , it traps [[spectators]] in a series of relentlessly [[unsavory]] [[circumstances]] that we would [[wages]] a considerable ransom not to be [[searching]] at .",0.002918064594268799,0.7211155891418457,0,1,0,50,"Successful"
"i had a dream that a smart comedy would come along to rescue me from a summer of teen-driven , toilet-humor codswallop , and its name was earnest .","i had a dream that a smart comedy would come along to rescue me from a summer of teen-driven , toilet-humor codswallop , and its name was earnest .",0.826019287109375,0.826019287109375,0,0,1,1,"Skipped"
"if the film's [[vision]] of [[sport]] as a secular [[religion]] is a bit cloying , its through-line of family and community is [[heartening]] in the same [[way]] that [[each]] season [[marks]] a [[new]] [[start]] .","if the film's [[conception]] of [[sportsmen]] as a secular [[religious]] is a bit cloying , its through-line of family and community is [[comforting]] in the same [[routing]] that [[every]] season [[branded]] a [[newer]] [[startup]] .",0.0013961195945739746,0.017797529697418213,1,1,1,92,"Failed"
"weighty and ponderous but every bit as filling as the treat of the title .","weighty and ponderous but every bit as filling as the treat of the title .",0.9482893347740173,0.9482893347740173,0,0,1,1,"Skipped"
"[[press]] the [[delete]] key .","[[journalism]] the [[abolish]] key .",0.0068266987800598145,0.9854810237884521,0,1,0,9,"Successful"
"any intellectual arguments being [[made]] about the [[nature]] of [[god]] are framed in a drama [[so]] [[clumsy]] , there is a [[real]] [[danger]] less [[sophisticated]] audiences will [[mistake]] it for an [[endorsement]] of the [[very]] [[things]] that bean abhors .","any intellectual arguments being [[effected]] about the [[personages]] of [[deus]] are framed in a drama [[accordingly]] [[clumsiness]] , there is a [[authentic]] [[peril]] less [[complicated]] audiences will [[error]] it for an [[approving]] of the [[vitally]] [[aspects]] that bean abhors .",0.00047087669372558594,0.7110874652862549,0,1,0,99,"Successful"
"[lin chung's] voice is rather unexceptional , even [[irritating]] ( at least to this western ear ) , making it [[awfully]] hard to buy the [[impetus]] for the complicated love triangle that develops between the three central characters .","[lin chung's] voice is rather unexceptional , even [[vexing]] ( at least to this western ear ) , making it [[terrifyingly]] hard to buy the [[dynamism]] for the complicated love triangle that develops between the three central characters .",0.002058088779449463,0.6369414925575256,0,1,0,41,"Successful"
"it's got all the familiar bruckheimer [[elements]] , and schumacher does probably as good a [[job]] as anyone at bringing off the hopkins/rock collision of acting [[styles]] and onscreen personas .","it's got all the familiar bruckheimer [[ingredient]] , and schumacher does probably as good a [[employment]] as anyone at bringing off the hopkins/rock collision of acting [[styling]] and onscreen personas .",0.012591838836669922,0.7263961434364319,1,0,1,30,"Successful"
"proves a lovely trifle that , unfortunately , is a little too in love with its own cuteness .","proves a lovely trifle that , unfortunately , is a little too in love with its own cuteness .",0.6698912382125854,0.6698912382125854,1,1,0,1,"Skipped"
"[[has]] enough [[wit]] , [[energy]] and geniality to please not only the fanatical adherents on either side , but also people who know nothing about the subject and [[think]] they're not interested .","[[possesses]] enough [[witt]] , [[energies]] and geniality to please not only the fanatical adherents on either side , but also people who know nothing about the subject and [[reckon]] they're not interested .",0.028438448905944824,0.6025511026382446,1,0,1,32,"Successful"
"this one aims for the [[toilet]] and scores a direct [[hit]] .","this one aims for the [[shitter]] and scores a direct [[hitting]] .",0.003030121326446533,0.9681820869445801,0,1,0,33,"Successful"
"oh , james ! your 20th outing shows off a lot of stamina and vitality , and get this , madonna's cameo doesn't [[suck]] !","oh , james ! your 20th outing shows off a lot of stamina and vitality , and get this , madonna's cameo doesn't [[suckle]] !",0.0033072233200073242,0.979704737663269,1,0,1,16,"Successful"
"[[exceptionally]] well acted by diane [[lane]] and richard gere .","[[inordinately]] well acted by diane [[roads]] and richard gere .",0.0008053183555603027,0.9461009502410889,1,0,1,29,"Successful"
"it works its magic with such exuberance and [[passion]] that the film's [[length]] becomes a [[part]] of its [[fun]] .","it works its magic with such exuberance and [[enthusiasm]] that the film's [[lengths]] becomes a [[portion]] of its [[amusing]] .",0.0004540085792541504,0.0014264583587646484,1,1,1,44,"Failed"
"even [[fans]] of ismail merchant's [[work]] , i [[suspect]] , would have a [[hard]] [[time]] [[sitting]] through this one .","even [[amateurs]] of ismail merchant's [[cooperation]] , i [[suspected]] , would have a [[challenging]] [[times]] [[seated]] through this one .",0.0013262033462524414,0.14776098728179932,0,0,0,49,"Failed"
"the main story . . . is compelling enough , but it's difficult to shrug off the annoyance of that chatty fish .","the main story . . . is compelling enough , but it's difficult to shrug off the annoyance of that chatty fish .",0.9984566569328308,0.9984566569328308,0,0,1,1,"Skipped"
"at its worst , the movie is pretty diverting ; the pity is that it rarely achieves its best .","at its worst , the movie is pretty diverting ; the pity is that it rarely achieves its best .",0.9916623830795288,0.9916623830795288,0,0,1,1,"Skipped"
"the campy results make mel brooks' borscht belt schtick look sophisticated .","the campy results make mel brooks' borscht belt schtick look sophisticated .",0.986320436000824,0.986320436000824,1,1,0,1,"Skipped"
"to call this one an eventual cult classic would be an understatement , and woe is the horror fan who opts to overlook this goofily endearing and well-lensed gorefest .","to call this one an eventual cult classic would be an understatement , and woe is the horror fan who opts to overlook this goofily endearing and well-lensed gorefest .",0.9993058443069458,0.9993058443069458,0,0,1,1,"Skipped"
"[[[hell]] is] [[looking]] down at your watch and [[realizing]] [[serving]] [[sara]] isn't even halfway through .","[[[hellfire]] is] [[researching]] down at your watch and [[realize]] [[serve]] [[sarah]] isn't even halfway through .",0.0010917186737060547,0.12060201168060303,0,0,0,27,"Failed"
"earnest yet [[curiously]] [[tepid]] and [[choppy]] [[recycling]] in which predictability is the only [[winner]] .","earnest yet [[stunningly]] [[tibia]] and [[tumultuous]] [[recycles]] in which predictability is the only [[winners]] .",0.00046706199645996094,0.9898699522018433,0,1,0,36,"Successful"
"'dragonfly' dwells on crossing-over mumbo [[jumbo]] , manipulative sentimentality , and sappy dialogue .","'dragonfly' dwells on crossing-over mumbo [[hefty]] , manipulative sentimentality , and sappy dialogue .",0.00041180849075317383,0.00043004751205444336,0,0,0,24,"Failed"
"in a 102-minute film , aaliyah gets at most 20 minutes of screen time . . . . most [[viewers]] will [[wish]] there had been more of the "" queen "" and less of the "" damned . ""","in a 102-minute film , aaliyah gets at most 20 minutes of screen time . . . . most [[onlookers]] will [[want]] there had been more of the "" queen "" and less of the "" damned . """,0.0052735209465026855,0.5202676057815552,0,1,0,30,"Successful"
"rashomon-for-dipsticks [[tale]] .","rashomon-for-dipsticks [[storytelling]] .",0.009534597396850586,0.9566481709480286,0,1,0,13,"Successful"
"spirit is a visual treat , and it takes chances that are bold by studio standards , but it [[lacks]] a strong narrative .","spirit is a visual treat , and it takes chances that are bold by studio standards , but it [[dearth]] a strong narrative .",0.0038836002349853516,0.9967640042304993,0,1,0,19,"Successful"
"the sort of picture in which , whenever one of the characters has some serious soul searching to do , they go to a picture-perfect beach during sunset .","the sort of picture in which , whenever one of the characters has some serious soul searching to do , they go to a picture-perfect beach during sunset .",0.9138060212135315,0.9138060212135315,1,1,0,1,"Skipped"
"it sounds like another clever if [[pointless]] excursion into the abyss , and that's more or less how it plays out .","it sounds like another clever if [[nonsensical]] excursion into the abyss , and that's more or less how it plays out .",0.020124077796936035,0.8290886282920837,0,1,0,23,"Successful"
"a [[movie]] of [[riveting]] power and [[sadness]] .","a [[flick]] of [[mesmerizing]] power and [[regret]] .",0.000615239143371582,0.002081930637359619,1,1,1,30,"Failed"
"a [[film]] that clearly means to preach exclusively to the converted .","a [[cinema]] that clearly means to preach exclusively to the converted .",0.021213769912719727,0.8907279968261719,0,1,0,16,"Successful"
"for more than two decades [[mr]] . nachtwey [[has]] [[traveled]] to places in the world [[devastated]] by [[war]] , [[famine]] and [[poverty]] and documented the [[cruelty]] and [[suffering]] he [[has]] found with an [[devastating]] , [[eloquent]] clarity .","for more than two decades [[herr]] . nachtwey [[had]] [[visited]] to places in the world [[bulldozed]] by [[wars]] , [[starve]] and [[indigent]] and documented the [[harshness]] and [[sufferings]] he [[ha]] found with an [[ruinous]] , [[telling]] clarity .",0.0006742477416992188,0.002033054828643799,1,1,1,93,"Failed"
"the [[film]] may not [[hit]] as hard as some of the [[better]] drug-related [[pictures]] , but it [[still]] manages to [[get]] a [[few]] punches in .","the [[movie]] may not [[knocked]] as hard as some of the [[nicer]] drug-related [[photos]] , but it [[however]] manages to [[got]] a [[scant]] punches in .",0.006871461868286133,0.90293288230896,1,0,1,57,"Successful"
"proves a servicable [[world]] [[war]] ii [[drama]] that can't [[totally]] hide its contrivances , but it at least calls [[attention]] to a [[problem]] hollywood too [[long]] [[has]] [[ignored]] .","proves a servicable [[worldwide]] [[wars]] ii [[theatrical]] that can't [[fully]] hide its contrivances , but it at least calls [[beware]] to a [[trouble]] hollywood too [[longer]] [[ha]] [[omitted]] .",0.004201829433441162,0.5731196999549866,1,0,1,52,"Successful"
"lan yu is a genuine [[love]] [[story]] , full of [[traditional]] [[layers]] of [[awakening]] and [[ripening]] and [[separation]] and recovery .","lan yu is a genuine [[adores]] [[conte]] , full of [[conventional]] [[diaper]] of [[waking]] and [[curing]] and [[separating]] and recovery .",0.000451505184173584,0.6155661940574646,1,0,1,48,"Successful"
"the wild thornberrys movie is pleasant enough and the message of our close ties with animals can certainly not be [[emphasized]] enough .","the wild thornberrys movie is pleasant enough and the message of our close ties with animals can certainly not be [[emphasizing]] enough .",0.2904288172721863,0.9254785776138306,1,0,1,25,"Successful"
"when you [[find]] yourself [[rooting]] for the monsters in a [[horror]] [[movie]] , you [[know]] the [[picture]] is in [[trouble]] .","when you [[unearth]] yourself [[racine]] for the monsters in a [[terror]] [[cinema]] , you [[savoir]] the [[photographing]] is in [[difficulty]] .",0.0010883808135986328,0.9287853240966797,0,1,0,46,"Successful"
"even when crush departs from the 4w [[formula]] . . . it feels [[like]] a [[glossy]] rehash .","even when crush departs from the 4w [[formulas]] . . . it feels [[iike]] a [[luminous]] rehash .",0.0016424059867858887,0.7796057462692261,0,1,0,16,"Successful"
"spider-man is about growing strange hairs , getting a more mature body , and finding it necessary to hide new secretions from the parental units .","spider-man is about growing strange hairs , getting a more mature body , and finding it necessary to hide new secretions from the parental units .",0.9289875626564026,0.9289875626564026,0,0,1,1,"Skipped"
"you never know where [[changing]] lanes is going to take you but it's a heck of a ride . samuel l . jackson is one of the [[best]] [[actors]] there is .","you never know where [[modification]] lanes is going to take you but it's a heck of a ride . samuel l . jackson is one of the [[nicest]] [[players]] there is .",0.0018963813781738281,0.0047866106033325195,1,1,1,38,"Failed"
"girlfriends are [[bad]] , wives are worse and babies are the kiss of [[death]] in this bitter italian comedy .","girlfriends are [[unfavourable]] , wives are worse and babies are the kiss of [[mortality]] in this bitter italian comedy .",0.0016819238662719727,0.6659195423126221,0,1,0,34,"Successful"
"another in a [[long]] [[line]] of ultra-violent [[war]] movies , this one is not [[quite]] what it could [[have]] been as a [[film]] , but the [[story]] and [[theme]] [[make]] up for it .","another in a [[protracted]] [[iine]] of ultra-violent [[wars]] movies , this one is not [[pretty]] what it could [[ha]] been as a [[movies]] , but the [[fairytales]] and [[topic]] [[deliver]] up for it .",0.003782331943511963,0.020871400833129883,1,1,1,59,"Failed"
"as action-adventure , this space-based [[homage]] to [[robert]] [[louis]] stevenson's [[treasure]] island fires on all plasma [[conduits]] .","as action-adventure , this space-based [[eulogy]] to [[roberta]] [[louie]] stevenson's [[treasury]] island fires on all plasma [[pipelines]] .",0.0005005598068237305,0.974381685256958,1,0,1,37,"Successful"
"a grittily [[beautiful]] [[film]] that looks , sounds , and feels more like an extended , open-ended poem than a [[traditionally]] structured story .","a grittily [[belle]] [[cinematography]] that looks , sounds , and feels more like an extended , open-ended poem than a [[fluently]] structured story .",0.0006965398788452148,0.878380537033081,1,0,1,50,"Successful"
"too [[long]] , and larded with [[exposition]] , this somber [[cop]] [[drama]] [[ultimately]] feels as flat as the [[scruffy]] [[sands]] of its titular [[community]] .","too [[longer]] , and larded with [[exhibition]] , this somber [[constable]] [[theater]] [[finally]] feels as flat as the [[unkempt]] [[sables]] of its titular [[communities]] .",0.0015695691108703613,0.014969408512115479,0,0,0,52,"Failed"
"spielberg's [[realization]] of a near-future america is masterful . this makes minority report necessary [[viewing]] for sci-fi [[fans]] , as the [[film]] has some of the [[best]] [[special]] [[effects]] ever .","spielberg's [[attainment]] of a near-future america is masterful . this makes minority report necessary [[opinion]] for sci-fi [[stalkers]] , as the [[kino]] has some of the [[nicest]] [[especial]] [[ramifications]] ever .",0.0006582140922546387,0.0028400421142578125,1,1,1,82,"Failed"
"grown-up quibbles are beside the point here . the [[little]] girls [[understand]] , and mccracken knows that's all that [[matters]] .","grown-up quibbles are beside the point here . the [[scant]] girls [[realise]] , and mccracken knows that's all that [[things]] .",0.02947944402694702,0.6331897974014282,1,0,1,25,"Successful"
"a soul-stirring documentary about the [[israeli]]/[[palestinian]] conflict as [[revealed]] through the eyes of some [[children]] who remain [[curious]] about [[each]] other against all [[odds]] .","a soul-stirring documentary about the [[israelis]]/[[israelis]] conflict as [[shown]] through the eyes of some [[infantile]] who remain [[nosy]] about [[every]] other against all [[probabilities]] .",0.00035190582275390625,0.0005537867546081543,1,1,1,53,"Failed"
"franco is an excellent choice for the walled-off but combustible hustler , but he does not give the transcendent performance sonny needs to overcome gaps in character development and story logic .","franco is an excellent choice for the walled-off but combustible hustler , but he does not give the transcendent performance sonny needs to overcome gaps in character development and story logic .",0.9967793822288513,0.9967793822288513,0,0,1,1,"Skipped"
"the [[story]] is far-flung , [[illogical]] , and plain [[stupid]] .","the [[conte]] is far-flung , [[nonsensical]] , and plain [[nonsensical]] .",0.00041097402572631836,0.0007791519165039062,0,0,0,27,"Failed"
"one [[gets]] the impression the creators of don't [[ask]] don't tell [[laughed]] a hell of a lot at their [[own]] jokes . too [[bad]] none of it is [[funny]] .","one [[receives]] the impression the creators of don't [[wondering]] don't tell [[laughs]] a hell of a lot at their [[belonged]] jokes . too [[inclement]] none of it is [[droll]] .",0.0005558133125305176,0.0016679167747497559,0,0,0,57,"Failed"
"[[did]] we [[really]] [[need]] a [[remake]] of "" [[charade]] ? ""","[[got]] we [[truthfully]] [[necessity]] a [[redo]] of "" [[travesty]] ? """,0.002794325351715088,0.033721208572387695,0,0,0,26,"Failed"
"the armenian genocide deserves a more engaged and honest treatment .","the armenian genocide deserves a more engaged and honest treatment .",0.9166381359100342,0.9166381359100342,1,1,0,1,"Skipped"
"the [[cast]] [[has]] a high [[time]] , but de broca [[has]] [[little]] [[enthusiasm]] for such [[antique]] pulp .","the [[casting]] [[possesses]] a high [[times]] , but de broca [[had]] [[small]] [[zeal]] for such [[immemorial]] pulp .",0.0006603598594665527,0.725431501865387,0,1,0,39,"Successful"
"by the time it ends in a rush of sequins , flashbulbs , blaring brass and back-stabbing babes , it has said plenty about how show business has infiltrated every corner of society -- and not always for the better .","by the time it ends in a rush of sequins , flashbulbs , blaring brass and back-stabbing babes , it has said plenty about how show business has infiltrated every corner of society -- and not always for the better .",0.922804594039917,0.922804594039917,0,0,1,1,"Skipped"
"i'm happy to have seen it -- not as an alternate version , but as the ultimate exercise in [[viewing]] deleted scenes .","i'm happy to have seen it -- not as an alternate version , but as the ultimate exercise in [[opinion]] deleted scenes .",0.005597412586212158,0.9819188714027405,1,0,1,18,"Successful"
"[[intensely]] [[romantic]] , thought-provoking and even an [[engaging]] [[mystery]] .","[[densely]] [[sentimental]] , thought-provoking and even an [[participate]] [[enigma]] .",0.0005589127540588379,0.6878464221954346,1,0,1,16,"Successful"
"[[throws]] in enough [[clever]] and [[unexpected]] [[twists]] to [[make]] the formula feel fresh .","[[casts]] in enough [[brainy]] and [[unscheduled]] [[kinks]] to [[deliver]] the formula feel fresh .",0.0009319186210632324,0.9672697186470032,1,0,1,38,"Successful"
"ya-yas everywhere [[will]] forgive the flaws and [[love]] the [[film]] .","ya-yas everywhere [[volition]] forgive the flaws and [[iove]] the [[cinematographic]] .",0.0010266304016113281,0.6311722993850708,1,0,1,27,"Successful"
"assayas' ambitious , sometimes beautiful [[adaptation]] of [[jacques]] chardonne's novel .","assayas' ambitious , sometimes beautiful [[readjusted]] of [[jacque]] chardonne's novel .",0.0016558170318603516,0.7605804204940796,1,0,1,28,"Successful"
"doesn't come close to [[justifying]] the hype that surrounded its debut at the sundance [[film]] festival two years [[ago]] .","doesn't come close to [[justify]] the hype that surrounded its debut at the sundance [[filmmaking]] festival two years [[prior]] .",0.0015960335731506348,0.0019597411155700684,0,0,0,45,"Failed"
"a word of [[advice]] to the [[makers]] of the singles ward : [[celebrity]] cameos do not automatically [[equal]] [[laughs]] . and neither [[do]] cliches , no [[matter]] how 'inside' they are .","a word of [[tips]] to the [[industrialists]] of the singles ward : [[renowned]] cameos do not automatically [[wager]] [[giggling]] . and neither [[doing]] cliches , no [[issue]] how 'inside' they are .",0.001873314380645752,0.6210672855377197,0,1,0,59,"Successful"
"the movie's downfall is to [[substitute]] [[plot]] for personality . it doesn't [[really]] know or care about the characters , and [[uses]] them as [[markers]] for a series of preordained events .","the movie's downfall is to [[replacing]] [[intrigue]] for personality . it doesn't [[genuinely]] know or care about the characters , and [[utilize]] them as [[marker]] for a series of preordained events .",0.0005502104759216309,0.0007816553115844727,0,0,0,62,"Failed"
"from both a [[great]] and a [[terrible]] [[story]] , mr . nelson has [[made]] a [[film]] that is an [[undeniably]] [[worthy]] and devastating [[experience]] .","from both a [[prodigious]] and a [[dreadful]] [[storytelling]] , mr . nelson has [[accomplished]] a [[cinematography]] that is an [[definitely]] [[laudable]] and devastating [[enjoying]] .",0.0007246136665344238,0.00393909215927124,1,1,1,97,"Failed"
"there's something to be said for a studio-produced film that never bothers to hand viewers a suitcase full of easy answers .","there's something to be said for a studio-produced film that never bothers to hand viewers a suitcase full of easy answers .",0.9996370077133179,0.9996370077133179,0,0,1,1,"Skipped"
"this is one of [[mr]] . chabrol's subtlest [[works]] , but also one of his most uncanny .","this is one of [[bernd]] . chabrol's subtlest [[cooperated]] , but also one of his most uncanny .",0.0009130239486694336,0.0025503039360046387,1,1,1,25,"Failed"
". . . blade ii is [[still]] top-heavy with blazing [[guns]] , cheatfully [[filmed]] martial arts , [[disintegrating]] bloodsucker [[computer]] effects and jagged camera moves that serve no other purpose than to call attention to themselves .",". . . blade ii is [[yet]] top-heavy with blazing [[firearms]] , cheatfully [[shot]] martial arts , [[dissolution]] bloodsucker [[computers]] effects and jagged camera moves that serve no other purpose than to call attention to themselves .",0.0007786750793457031,0.967443585395813,0,1,0,43,"Successful"
"working from a surprisingly sensitive script co-written by gianni romoli . . . ozpetek [[avoids]] most of the pitfalls you'd expect in such a potentially sudsy set-up .","working from a surprisingly sensitive script co-written by gianni romoli . . . ozpetek [[shuns]] most of the pitfalls you'd expect in such a potentially sudsy set-up .",0.03208273649215698,0.9586646556854248,1,0,1,16,"Successful"
"the venezuelans say [[things]] like "" [[si]] , [[pretty]] much "" and "" por favor , [[go]] [[home]] "" when [[talking]] to [[americans]] . that's muy loco , but no more [[ridiculous]] than most of the [[rest]] of "" dragonfly . ""","the venezuelans say [[aspects]] like "" [[tr]] , [[quite]] much "" and "" por favor , [[going]] [[household]] "" when [[conversation]] to [[america]] . that's muy loco , but no more [[unbecoming]] than most of the [[repose]] of "" dragonfly . """,0.0027375221252441406,0.6741086840629578,0,1,0,72,"Successful"
"the performances are an [[absolute]] [[joy]] .","the performances are an [[utter]] [[glee]] .",0.001313626766204834,0.9981054663658142,1,0,1,12,"Successful"
"the self-serious equilibrium makes its point too well ; a [[movie]] , like [[life]] , isn't much [[fun]] without the highs and lows .","the self-serious equilibrium makes its point too well ; a [[cinema]] , like [[vida]] , isn't much [[droll]] without the highs and lows .",0.0007461905479431152,0.0017648935317993164,0,0,0,36,"Failed"
"there is something that is [[so]] meditative and [[lyrical]] about babak payami's [[boldly]] [[quirky]] iranian [[drama]] [[secret]] ballot . . . a [[charming]] and [[evoking]] [[little]] ditty that [[manages]] to [[show]] the [[gentle]] and [[humane]] side of [[middle]] [[eastern]] world [[politics]]","there is something that is [[consequently]] meditative and [[operatic]] about babak payami's [[heroically]] [[mercurial]] iranian [[dramas]] [[covert]] ballot . . . a [[charmer]] and [[invoke]] [[scant]] ditty that [[administered]] to [[displayed]] the [[mild]] and [[humanistic]] side of [[mid]] [[timorese]] world [[politician]]",0.0008424520492553711,0.6710643768310547,1,0,1,112,"Successful"
"can i [[admit]] xxx is as deep as a petri dish and as well-characterized as a telephone book but [[still]] say it was a guilty pleasure ?","can i [[accepted]] xxx is as deep as a petri dish and as well-characterized as a telephone book but [[yet]] say it was a guilty pleasure ?",0.02574312686920166,0.703022837638855,1,0,1,28,"Successful"
